student_id,subject,studytime,study_time_category,failures,schoolsup,famsup,paid,activities,nursery,higher,internet,romantic,famrel,freetime,goout,dalc,walc,health,absences,attendance_rate,g1,g2,g3
STU-7081F9F9,Mathematics,2,2 to 5 hours,0,yes,no,no,no,yes,yes,no,no,4,3,4,1,1,3,6,93.55,5,6,6
STU-456C1019,Mathematics,2,2 to 5 hours,0,no,yes,no,no,no,yes,yes,no,5,3,3,1,1,3,4,95.7,5,5,6
STU-2E1D48C5,Mathematics,2,2 to 5 hours,3,yes,no,yes,no,yes,yes,yes,no,4,3,2,2,3,3,10,89.25,7,8,10
STU-7B84202E,Mathematics,3,5 to 10 hours,0,no,yes,yes,yes,yes,yes,yes,yes,3,2,2,1,1,5,2,97.85,15,14,15
STU-8F44186E,Mathematics,2,2 to 5 hours,0,no,yes,yes,no,yes,yes,no,no,4,3,2,1,2,5,4,95.7,6,10,10
STU-E3F7485F,Mathematics,2,2 to 5 hours,0,no,yes,yes,yes,yes,yes,yes,no,5,4,2,1,2,5,10,89.25,15,15,15
STU-48BF80C7,Mathematics,2,2 to 5 hours,0,no,no,no,no,yes,yes,yes,no,4,4,4,1,1,3,0,100.0,12,12,11
STU-0D817C3D,Mathematics,2,2 to 5 hours,0,yes,yes,no,no,yes,yes,no,no,4,1,4,1,1,1,6,93.55,6,5,6
STU-22A4FBE2,Mathematics,2,2 to 5 hours,0,no,yes,yes,no,yes,yes,yes,no,4,2,2,1,1,1,0,100.0,16,18,19
STU-15652EDE,Mathematics,2,2 to 5 hours,0,no,yes,yes,yes,yes,yes,yes,no,5,5,1,1,1,5,0,100.0,14,15,15
STU-39585AE6,Mathematics,2,2 to 5 hours,0,no,yes,yes,no,yes,yes,yes,no,3,3,3,1,2,2,0,100.0,10,8,9
STU-1F46ED13,Mathematics,3,5 to 10 hours,0,no,yes,no,yes,yes,yes,yes,no,5,2,2,1,1,4,4,95.7,10,12,12
STU-73E7FA9E,Mathematics,1,<2 hours,0,no,yes,yes,yes,yes,yes,yes,no,4,3,3,1,3,5,2,97.85,14,14,14
STU-5202D937,Mathematics,2,2 to 5 hours,0,no,yes,yes,no,yes,yes,yes,no,5,4,3,1,2,3,2,97.85,10,10,11
STU-68C122A3,Mathematics,3,5 to 10 hours,0,no,yes,no,no,yes,yes,yes,yes,4,5,2,1,1,3,0,100.0,14,16,16
STU-F0AAADE2,Mathematics,1,<2 hours,0,no,yes,no,no,yes,yes,yes,no,4,4,4,1,2,2,4,95.7,14,14,14
STU-F25656AE,Mathematics,3,5 to 10 hours,0,no,yes,yes,yes,yes,yes,yes,no,3,2,3,1,2,2,6,93.55,13,14,14
STU-9EA47A4E,Mathematics,2,2 to 5 hours,0,yes,yes,no,yes,yes,yes,no,no,5,3,2,1,1,4,4,95.7,8,10,10
STU-503B3244,Mathematics,1,<2 hours,3,no,yes,no,yes,yes,yes,yes,no,5,5,5,2,4,5,16,82.8,6,5,5
STU-419D39B0,Mathematics,1,<2 hours,0,no,no,yes,yes,yes,yes,yes,no,3,1,3,1,3,5,4,95.7,8,10,10
STU-114E9CD1,Mathematics,2,2 to 5 hours,0,no,no,no,no,yes,yes,yes,no,4,4,1,1,1,1,0,100.0,13,14,15
STU-9D0FB92A,Mathematics,1,<2 hours,0,no,yes,yes,no,yes,yes,yes,no,5,4,2,1,1,5,0,100.0,12,15,15
STU-C936C263,Mathematics,2,2 to 5 hours,0,no,no,no,yes,yes,yes,yes,no,4,5,1,1,3,5,2,97.85,15,15,16
STU-AB078B4C,Mathematics,2,2 to 5 hours,0,no,yes,no,yes,yes,yes,yes,no,5,4,4,2,4,5,0,100.0,13,13,12
STU-5DC4E551,Mathematics,3,5 to 10 hours,0,yes,yes,yes,yes,yes,yes,yes,no,4,3,2,1,1,5,2,97.85,10,9,8
STU-719CD4A4,Mathematics,1,<2 hours,2,no,yes,yes,no,no,yes,yes,no,1,2,2,1,3,5,14,84.95,6,9,8
STU-6D322426,Mathematics,1,<2 hours,0,no,yes,yes,no,yes,yes,yes,no,4,2,2,1,2,5,2,97.85,12,12,11
STU-4595E9E2,Mathematics,1,<2 hours,0,no,no,yes,no,yes,yes,yes,no,2,2,4,2,4,1,4,95.7,15,16,15
STU-09EA8E11,Mathematics,2,2 to 5 hours,0,yes,yes,no,yes,yes,yes,yes,no,5,3,3,1,1,5,4,95.7,11,11,11
STU-D1F6A181,Mathematics,2,2 to 5 hours,0,no,yes,yes,yes,yes,yes,yes,yes,4,4,5,5,5,5,16,82.8,10,12,11
STU-007A4610,Mathematics,2,2 to 5 hours,0,no,yes,yes,no,no,yes,yes,no,5,4,2,3,4,5,0,100.0,9,11,12
STU-B6B62C92,Mathematics,2,2 to 5 hours,0,no,yes,no,yes,yes,yes,yes,no,4,3,1,1,1,5,0,100.0,17,16,17
STU-168BC7D4,Mathematics,2,2 to 5 hours,0,no,yes,no,yes,yes,yes,yes,yes,4,5,2,1,1,5,0,100.0,17,16,16
STU-232FC95D,Mathematics,2,2 to 5 hours,0,no,no,no,yes,no,yes,yes,no,5,3,2,1,1,2,0,100.0,8,10,12
STU-0F7F1639,Mathematics,1,<2 hours,0,no,yes,yes,no,no,yes,yes,no,5,4,3,1,1,5,0,100.0,12,14,15
STU-346D1ED8,Mathematics,1,<2 hours,0,no,yes,no,yes,yes,yes,no,no,3,5,1,1,1,5,0,100.0,8,7,6
STU-54B1B380,Mathematics,3,5 to 10 hours,0,no,yes,no,yes,yes,yes,yes,no,5,4,3,1,1,4,2,97.85,15,16,18
STU-6FAAC800,Mathematics,3,5 to 10 hours,0,no,yes,no,yes,yes,yes,yes,yes,2,4,3,1,1,5,7,92.47,15,16,15
STU-9F641579,Mathematics,3,5 to 10 hours,0,yes,yes,yes,yes,yes,yes,yes,no,4,3,2,1,1,5,2,97.85,12,12,11
STU-5FDCA47D,Mathematics,1,<2 hours,0,yes,yes,yes,yes,yes,yes,no,no,4,3,1,1,1,2,8,91.4,14,13,13
STU-7615AB39,Mathematics,2,2 to 5 hours,1,no,yes,no,yes,no,yes,yes,yes,3,3,3,1,2,3,25,73.12,7,10,11
STU-7D7B1066,Mathematics,1,<2 hours,0,no,yes,no,no,no,yes,yes,yes,5,4,3,2,4,5,8,91.4,12,12,12
STU-A563A07E,Mathematics,2,2 to 5 hours,0,no,yes,no,yes,yes,yes,yes,no,4,3,3,1,1,5,2,97.85,19,18,18
STU-98DBE181,Mathematics,1,<2 hours,0,yes,yes,no,no,yes,yes,yes,no,5,4,1,1,1,1,0,100.0,8,8,11
STU-9FE78E02,Mathematics,2,2 to 5 hours,1,yes,no,no,yes,yes,yes,yes,no,4,3,3,2,2,5,14,84.95,10,10,9
STU-BD00A41C,Mathematics,2,2 to 5 hours,0,yes,yes,yes,yes,yes,yes,yes,yes,5,2,2,1,1,5,8,91.4,8,8,6
STU-E1BA4C96,Mathematics,2,2 to 5 hours,0,no,yes,no,no,yes,yes,yes,no,2,3,5,1,4,3,12,87.1,11,12,11
STU-2D3C97A6,Mathematics,4,>10 hours,0,no,no,no,yes,yes,yes,yes,no,4,2,2,1,1,2,4,95.7,19,19,20
STU-B20B9336,Mathematics,2,2 to 5 hours,0,no,yes,yes,no,yes,yes,no,no,4,3,3,2,2,5,2,97.85,15,15,14
STU-22671154,Mathematics,2,2 to 5 hours,1,yes,yes,no,yes,no,yes,yes,no,4,4,4,1,1,3,2,97.85,7,7,7
STU-87E1D54F,Mathematics,2,2 to 5 hours,0,no,yes,yes,no,yes,yes,yes,no,4,3,3,2,3,4,2,97.85,12,13,13
STU-69114641,Mathematics,2,2 to 5 hours,0,no,yes,yes,no,yes,yes,yes,no,4,3,3,1,1,5,2,97.85,11,13,13
STU-A50F99FB,Mathematics,1,<2 hours,1,no,no,no,no,yes,yes,no,no,5,5,5,3,4,5,6,93.55,11,11,10
STU-3D23468A,Mathematics,1,<2 hours,0,yes,yes,yes,no,yes,yes,yes,no,3,3,4,2,3,5,0,100.0,8,10,11
STU-B3E524BB,Mathematics,1,<2 hours,0,no,no,yes,no,yes,yes,yes,no,5,3,4,4,4,1,6,93.55,10,13,13
STU-E43870D1,Mathematics,2,2 to 5 hours,0,no,no,yes,yes,yes,yes,yes,yes,5,3,4,1,1,2,8,91.4,8,9,10
STU-F25C7CF0,Mathematics,2,2 to 5 hours,0,no,yes,yes,yes,yes,yes,yes,no,4,3,2,1,1,1,0,100.0,14,15,15
STU-300C102A,Mathematics,2,2 to 5 hours,0,no,yes,no,yes,yes,yes,no,no,3,2,2,1,1,5,4,95.7,14,15,15
STU-A8678075,Mathematics,2,2 to 5 hours,0,yes,yes,no,yes,yes,yes,yes,no,4,3,2,1,1,5,2,97.85,9,10,9
STU-401BD1B7,Mathematics,2,2 to 5 hours,0,no,yes,no,no,yes,yes,yes,no,4,2,3,1,1,5,2,97.85,15,16,16
STU-0192628A,Mathematics,2,2 to 5 hours,0,no,yes,no,yes,yes,yes,no,no,2,4,4,2,3,4,6,93.55,10,11,11
STU-0BA134A2,Mathematics,1,<2 hours,0,yes,yes,no,yes,no,yes,yes,yes,5,5,5,5,5,5,6,93.55,10,8,11
STU-687206FE,Mathematics,2,2 to 5 hours,0,yes,no,no,yes,yes,yes,yes,no,4,4,3,1,1,1,4,95.7,8,10,9
STU-FF9874A2,Mathematics,3,5 to 10 hours,0,yes,yes,yes,yes,yes,yes,yes,no,3,4,4,2,4,4,2,97.85,10,9,9
STU-5F6AA41F,Mathematics,2,2 to 5 hours,0,yes,no,no,yes,yes,yes,yes,yes,4,4,4,2,4,2,0,100.0,10,10,10
STU-A0C55580,Mathematics,2,2 to 5 hours,0,no,yes,no,yes,yes,yes,yes,no,5,4,3,1,2,1,2,97.85,16,15,15
STU-30133F89,Mathematics,4,>10 hours,0,no,yes,no,yes,no,yes,yes,yes,1,3,3,5,5,3,4,95.7,13,13,12
STU-0D15B186,Mathematics,4,>10 hours,0,yes,yes,yes,no,yes,yes,yes,no,4,3,3,1,2,5,4,95.7,7,7,6
STU-C2DED612,Mathematics,2,2 to 5 hours,0,yes,yes,yes,no,yes,yes,yes,no,4,1,3,1,3,4,2,97.85,8,9,8
STU-5937C88F,Mathematics,4,>10 hours,0,no,yes,no,no,no,yes,yes,no,4,4,2,2,3,3,12,87.1,16,16,16
STU-D87B8E95,Mathematics,4,>10 hours,0,no,yes,yes,no,yes,yes,yes,no,4,3,2,1,1,5,0,100.0,13,15,15
STU-E74C1FCA,Mathematics,4,>10 hours,0,no,no,no,no,yes,yes,yes,no,3,3,3,1,1,3,0,100.0,10,10,10
STU-F0400DDC,Mathematics,2,2 to 5 hours,2,yes,yes,no,no,no,yes,yes,yes,3,3,4,2,4,5,2,97.85,8,6,5
STU-5BDD2FB3,Mathematics,1,<2 hours,0,no,no,no,yes,yes,yes,no,no,5,3,2,2,2,5,2,97.85,12,12,14
STU-E0D89C36,Mathematics,2,2 to 5 hours,0,yes,yes,yes,yes,yes,yes,yes,no,4,3,3,2,4,5,54,41.94,11,12,11
STU-98ED6E9D,Mathematics,2,2 to 5 hours,0,no,yes,yes,yes,yes,yes,yes,no,4,3,3,2,3,5,6,93.55,9,9,10
STU-6681E7A7,Mathematics,4,>10 hours,0,no,no,no,yes,yes,yes,yes,no,3,4,3,1,1,1,8,91.4,11,11,10
STU-0A3D4FF8,Mathematics,4,>10 hours,0,no,no,yes,no,yes,yes,yes,yes,5,2,3,1,3,3,0,100.0,11,11,11
STU-69668EB0,Mathematics,1,<2 hours,3,yes,yes,no,yes,yes,no,yes,no,4,5,1,1,1,3,2,97.85,8,8,10
STU-DBD7451A,Mathematics,2,2 to 5 hours,0,no,yes,no,no,yes,yes,yes,no,2,4,3,1,2,3,12,87.1,5,5,5
STU-C265FABC,Mathematics,1,<2 hours,0,yes,yes,yes,yes,no,yes,yes,yes,3,2,2,1,3,3,2,97.85,10,12,12
STU-63A420DB,Mathematics,3,5 to 10 hours,0,yes,no,yes,no,no,yes,yes,no,5,3,2,1,2,5,4,95.7,11,10,11
STU-FEFC7BE8,Mathematics,2,2 to 5 hours,0,no,yes,yes,no,yes,yes,yes,no,4,4,4,1,1,5,10,89.25,7,6,6
STU-A0D4610E,Mathematics,2,2 to 5 hours,0,no,no,yes,yes,yes,yes,yes,no,5,3,3,1,3,4,4,95.7,15,15,15
STU-18A00DB2,Mathematics,2,2 to 5 hours,0,no,yes,no,yes,no,yes,yes,no,4,3,2,2,3,4,2,97.85,9,10,10
STU-85EF4016,Mathematics,2,2 to 5 hours,2,no,no,yes,no,yes,yes,yes,yes,4,4,4,2,3,5,6,93.55,7,9,8
STU-06CAEA8E,Mathematics,2,2 to 5 hours,0,no,yes,no,no,yes,yes,no,no,4,3,4,1,2,2,4,95.7,8,7,6
STU-610CC2D9,Mathematics,3,5 to 10 hours,0,no,yes,no,yes,yes,yes,yes,no,5,3,3,1,3,1,4,95.7,13,14,14
STU-9BB406DC,Mathematics,2,2 to 5 hours,1,no,no,yes,yes,no,yes,yes,no,4,4,2,1,1,3,12,87.1,11,10,10
STU-794660FB,Mathematics,2,2 to 5 hours,0,no,yes,no,no,yes,yes,no,no,4,1,3,3,5,5,18,80.65,8,6,7
STU-9DF9B249,Mathematics,3,5 to 10 hours,0,no,yes,yes,no,yes,yes,yes,yes,4,3,3,1,3,4,0,100.0,7,7,8
STU-A6E6FD26,Mathematics,1,<2 hours,0,no,no,yes,yes,yes,yes,yes,no,4,5,5,1,3,1,4,95.7,16,17,18
STU-EEF94D78,Mathematics,2,2 to 5 hours,0,yes,yes,no,no,yes,yes,no,no,3,3,3,2,3,2,4,95.7,7,6,6
STU-E4B6DF55,Mathematics,2,2 to 5 hours,0,no,yes,yes,yes,yes,yes,yes,no,5,3,3,1,1,1,0,100.0,11,10,10
STU-93EB2F14,Mathematics,4,>10 hours,0,no,yes,no,yes,yes,yes,yes,no,4,3,4,1,1,4,6,93.55,11,13,14
STU-75EFED09,Mathematics,4,>10 hours,1,yes,yes,yes,yes,yes,yes,yes,no,3,1,2,1,1,1,2,97.85,7,10,10
STU-46ADB2CE,Mathematics,1,<2 hours,0,yes,yes,no,yes,no,yes,yes,no,3,3,3,1,1,4,2,97.85,11,15,15
STU-03E8CAC7,Mathematics,2,2 to 5 hours,0,no,yes,yes,no,yes,yes,no,yes,4,3,5,1,1,5,2,97.85,8,9,10
STU-EEBCF729,Mathematics,1,<2 hours,0,no,no,no,yes,no,yes,yes,no,5,3,4,1,2,1,6,93.55,11,14,14
STU-9520AD4E,Mathematics,3,5 to 10 hours,0,yes,yes,yes,no,yes,yes,yes,no,5,3,5,1,1,3,0,100.0,7,9,8
STU-F3C0B480,Mathematics,1,<2 hours,0,yes,yes,yes,yes,yes,yes,yes,no,4,5,5,5,5,4,14,84.95,7,7,5
STU-03237CBA,Mathematics,3,5 to 10 hours,0,no,yes,no,yes,yes,yes,yes,yes,4,4,3,1,1,4,0,100.0,16,17,17
STU-23F7C36E,Mathematics,1,<2 hours,0,no,yes,no,yes,no,yes,yes,no,5,3,3,1,1,5,4,95.7,10,13,14
STU-60D2AE52,Mathematics,2,2 to 5 hours,0,yes,yes,yes,no,yes,yes,yes,no,4,3,5,1,1,2,26,72.04,7,6,6
STU-8C34293B,Mathematics,2,2 to 5 hours,0,no,yes,yes,yes,yes,yes,yes,no,5,4,4,1,1,1,0,100.0,16,18,18
STU-44EF5F3E,Mathematics,4,>10 hours,0,yes,no,no,no,yes,yes,no,no,4,3,3,1,1,4,10,89.25,10,11,11
STU-18B8E9FD,Mathematics,4,>10 hours,0,yes,yes,yes,no,yes,yes,yes,no,5,1,2,1,1,3,8,91.4,7,8,8
STU-89274968,Mathematics,3,5 to 10 hours,0,no,yes,no,yes,yes,yes,yes,no,5,3,3,1,1,5,2,97.85,16,18,18
STU-ABFA4D58,Mathematics,4,>10 hours,0,no,yes,yes,yes,yes,yes,yes,yes,1,3,5,3,5,1,6,93.55,10,13,13
STU-D0F198AC,Mathematics,3,5 to 10 hours,0,no,yes,yes,yes,yes,yes,yes,yes,5,4,5,1,1,4,4,95.7,14,15,16
STU-63B707DA,Mathematics,1,<2 hours,0,no,no,no,yes,yes,yes,yes,no,5,5,3,1,1,4,6,93.55,18,19,19
STU-945AD5F8,Mathematics,3,5 to 10 hours,1,yes,yes,no,yes,yes,yes,yes,no,4,1,2,1,1,2,0,100.0,7,10,10
STU-281EA029,Mathematics,2,2 to 5 hours,1,yes,no,no,yes,yes,yes,yes,no,3,1,2,1,1,5,6,93.55,10,13,13
STU-225F3192,Mathematics,1,<2 hours,0,no,no,no,no,yes,yes,yes,no,3,5,2,1,1,3,10,89.25,18,19,19
STU-90B77E7D,Mathematics,2,2 to 5 hours,0,no,no,no,yes,yes,yes,yes,yes,5,4,2,1,1,5,8,91.4,9,9,9
STU-11690B74,Mathematics,2,2 to 5 hours,0,no,yes,no,yes,yes,yes,yes,no,5,4,4,1,2,5,2,97.85,15,15,16
STU-C0C6373F,Mathematics,2,2 to 5 hours,0,no,yes,no,yes,yes,yes,no,no,4,4,3,1,1,2,2,97.85,11,13,14
STU-F4216162,Mathematics,1,<2 hours,0,no,no,no,yes,yes,yes,yes,no,5,4,2,1,1,5,0,100.0,13,14,13
STU-F4475577,Mathematics,2,2 to 5 hours,1,no,yes,no,yes,yes,yes,yes,no,5,2,4,1,4,5,20,78.49,9,7,8
STU-C98B1F12,Mathematics,1,<2 hours,0,no,no,no,no,yes,yes,yes,no,3,4,3,1,2,4,6,93.55,14,13,13
STU-951DF931,Mathematics,2,2 to 5 hours,0,no,no,no,no,no,yes,yes,no,3,2,3,1,2,1,2,97.85,16,15,15
STU-4450B4D0,Mathematics,4,>10 hours,0,no,yes,yes,yes,yes,yes,yes,no,5,5,4,1,2,5,6,93.55,16,14,15
STU-1E9EAC45,Mathematics,2,2 to 5 hours,0,no,yes,yes,yes,yes,yes,yes,yes,4,2,2,1,2,5,2,97.85,13,13,13
STU-DAAA60A0,Mathematics,1,<2 hours,0,no,yes,no,yes,yes,yes,yes,no,3,4,4,1,4,5,18,80.65,14,11,13
STU-AA8D33B7,Mathematics,2,2 to 5 hours,0,no,no,yes,no,yes,yes,yes,yes,5,4,4,1,1,5,0,100.0,8,7,8
STU-3CAF5445,Mathematics,1,<2 hours,0,yes,no,no,no,yes,yes,yes,no,5,5,5,3,2,5,0,100.0,13,13,12
STU-0D20982C,Mathematics,2,2 to 5 hours,0,yes,no,no,yes,yes,yes,yes,yes,5,3,2,1,1,1,0,100.0,7,10,11
STU-90AC2BB0,Mathematics,2,2 to 5 hours,3,no,yes,no,no,no,no,no,no,3,4,2,1,1,5,2,97.85,7,8,9
STU-83771651,Mathematics,1,<2 hours,2,no,yes,no,yes,yes,yes,yes,no,3,3,3,1,2,4,0,100.0,7,4,0
STU-8937BE7E,Mathematics,1,<2 hours,0,no,no,yes,yes,yes,yes,yes,no,3,5,5,2,5,4,8,91.4,18,18,18
STU-E2ECAE54,Mathematics,3,5 to 10 hours,2,no,yes,no,no,yes,yes,yes,yes,4,2,2,2,2,5,0,100.0,12,0,0
STU-B681FE76,Mathematics,1,<2 hours,0,no,yes,no,yes,no,yes,yes,yes,4,3,3,1,2,4,0,100.0,8,0,0
STU-2062C61C,Mathematics,1,<2 hours,0,no,yes,no,no,yes,yes,yes,yes,3,4,4,1,3,5,12,87.1,10,13,12
STU-EB3589B5,Mathematics,1,<2 hours,0,no,no,no,no,yes,yes,yes,no,3,2,1,1,4,5,16,82.8,12,11,11
STU-60E1C036,Mathematics,2,2 to 5 hours,0,no,yes,no,no,yes,yes,no,yes,5,3,3,1,1,5,0,100.0,9,0,0
STU-A823FE17,Mathematics,3,5 to 10 hours,0,no,yes,no,yes,yes,yes,yes,yes,4,3,3,1,1,5,0,100.0,11,0,0
STU-77852A18,Mathematics,2,2 to 5 hours,0,no,no,no,no,yes,yes,no,no,5,4,5,2,4,5,0,100.0,10,0,0
STU-E1DECCF8,Mathematics,1,<2 hours,2,no,yes,no,yes,no,yes,yes,yes,4,3,2,1,1,5,0,100.0,4,0,0
STU-A5F1F649,Mathematics,2,2 to 5 hours,1,no,no,no,no,yes,yes,no,yes,4,4,4,1,3,5,0,100.0,14,12,12
STU-69D23BE3,Mathematics,1,<2 hours,0,no,no,no,yes,yes,yes,yes,no,4,3,2,1,1,5,0,100.0,16,16,15
STU-5D8F9A50,Mathematics,4,>10 hours,0,yes,yes,no,no,yes,yes,yes,no,2,2,2,1,1,3,0,100.0,7,9,0
STU-F10E7CA7,Mathematics,1,<2 hours,2,no,yes,no,yes,yes,yes,yes,no,2,3,3,2,2,2,8,91.4,9,9,9
STU-D82D98E2,Mathematics,3,5 to 10 hours,0,no,yes,yes,yes,yes,yes,yes,no,4,2,2,1,1,5,2,97.85,9,11,11
STU-D062DEF0,Mathematics,1,<2 hours,0,no,no,no,no,yes,yes,yes,no,3,4,4,3,3,1,2,97.85,14,14,13
STU-B512432D,Mathematics,2,2 to 5 hours,0,no,yes,yes,no,yes,yes,yes,no,4,4,2,1,2,5,0,100.0,8,11,11
STU-3B5D435F,Mathematics,2,2 to 5 hours,3,no,yes,no,no,yes,yes,yes,no,3,3,2,1,1,3,0,100.0,6,7,0
STU-82865406,Mathematics,2,2 to 5 hours,0,no,yes,yes,no,no,yes,yes,no,4,3,2,1,1,5,2,97.85,10,11,11
STU-632BF98A,Mathematics,1,<2 hours,3,no,no,no,no,yes,yes,yes,no,4,5,5,2,5,5,0,100.0,8,9,10
STU-6C6F63DD,Mathematics,1,<2 hours,3,no,no,no,no,yes,no,yes,yes,2,3,5,2,5,4,0,100.0,6,5,0
STU-ABEE31ED,Mathematics,1,<2 hours,1,no,no,no,yes,yes,yes,no,yes,4,4,4,3,5,5,6,93.55,12,13,14
STU-4431EC67,Mathematics,3,5 to 10 hours,2,no,yes,yes,yes,yes,yes,yes,yes,4,2,1,2,3,3,8,91.4,10,10,10
STU-82460453,Mathematics,1,<2 hours,3,no,yes,no,no,yes,no,yes,yes,4,5,4,1,1,4,0,100.0,5,0,0
STU-DF320FB3,Mathematics,1,<2 hours,0,yes,yes,no,no,yes,yes,no,yes,4,2,1,1,1,4,0,100.0,11,11,12
STU-17618AFF,Mathematics,2,2 to 5 hours,0,yes,no,yes,yes,yes,yes,no,no,4,4,4,1,1,1,2,97.85,11,8,8
STU-08AEF502,Mathematics,1,<2 hours,0,no,no,no,no,yes,yes,no,no,2,2,2,3,3,5,8,91.4,16,12,13
STU-3D082156,Mathematics,1,<2 hours,3,no,yes,no,yes,no,yes,no,no,5,2,5,1,5,4,6,93.55,9,8,10
STU-119777A5,Mathematics,1,<2 hours,0,no,no,no,no,no,yes,no,no,4,2,2,1,2,3,2,97.85,17,15,15
STU-28925959,Mathematics,2,2 to 5 hours,1,no,yes,yes,no,yes,yes,yes,yes,4,5,5,4,4,5,4,95.7,10,12,12
STU-DA9E5C08,Mathematics,1,<2 hours,2,no,no,no,yes,yes,no,yes,yes,3,3,2,2,2,5,0,100.0,7,6,0
STU-5D33127B,Mathematics,2,2 to 5 hours,2,yes,yes,no,no,yes,yes,yes,yes,4,4,4,1,4,3,6,93.55,5,9,7
STU-AF887F37,Mathematics,1,<2 hours,1,no,no,no,yes,yes,yes,no,no,4,4,4,2,4,5,0,100.0,7,0,0
STU-101E946A,Mathematics,1,<2 hours,0,no,no,no,no,yes,no,yes,no,5,3,3,1,4,2,2,97.85,10,10,10
STU-BBAFAF13,Mathematics,2,2 to 5 hours,3,no,no,no,yes,yes,no,no,yes,5,3,5,1,5,5,0,100.0,5,8,7
STU-754B2702,Mathematics,1,<2 hours,1,no,yes,no,yes,no,no,no,no,4,5,2,1,1,2,16,82.8,12,11,12
STU-785C0BE2,Mathematics,2,2 to 5 hours,0,no,no,no,no,yes,no,yes,no,4,3,5,2,4,4,4,95.7,10,10,10
STU-E15E3EC8,Mathematics,2,2 to 5 hours,0,no,no,yes,no,yes,yes,yes,yes,4,2,3,1,1,3,0,100.0,14,15,16
STU-7AF39DAA,Mathematics,2,2 to 5 hours,0,no,yes,yes,no,no,yes,yes,no,5,1,5,1,1,4,0,100.0,6,7,0
STU-05500DAB,Mathematics,2,2 to 5 hours,0,no,yes,yes,no,yes,yes,yes,yes,4,4,2,1,1,3,0,100.0,14,14,14
STU-CE66669F,Mathematics,1,<2 hours,2,no,yes,no,yes,no,yes,yes,no,3,4,5,2,4,2,0,100.0,6,5,0
STU-685FCE56,Mathematics,2,2 to 5 hours,0,no,yes,yes,yes,yes,yes,yes,yes,4,3,2,1,1,3,2,97.85,13,15,16
STU-F79B62BD,Mathematics,2,2 to 5 hours,0,no,yes,yes,yes,yes,yes,yes,no,4,4,4,1,3,5,0,100.0,13,11,10
STU-449A60F3,Mathematics,2,2 to 5 hours,3,no,no,no,yes,no,yes,yes,yes,4,3,5,1,1,3,0,100.0,8,7,0
STU-0256B23F,Mathematics,2,2 to 5 hours,0,no,yes,yes,yes,yes,yes,yes,no,4,4,5,1,1,4,4,95.7,10,11,9
STU-133463C2,Mathematics,2,2 to 5 hours,0,no,no,yes,yes,yes,yes,yes,no,4,4,4,4,4,4,4,95.7,10,9,9
STU-D0D98679,Mathematics,2,2 to 5 hours,0,no,no,yes,yes,no,yes,yes,no,3,4,4,1,4,5,2,97.85,13,13,11
STU-A9CD44A2,Mathematics,2,2 to 5 hours,0,no,no,no,yes,no,yes,yes,no,4,3,4,1,4,4,4,95.7,6,5,6
STU-28B0A0EB,Mathematics,1,<2 hours,0,no,yes,no,yes,yes,yes,yes,yes,4,3,3,3,4,3,10,89.25,10,8,9
STU-EA531AD3,Mathematics,2,2 to 5 hours,0,no,yes,no,yes,yes,yes,yes,yes,5,2,3,1,1,2,4,95.7,10,10,11
STU-CF3B0A6D,Mathematics,2,2 to 5 hours,0,no,yes,yes,yes,yes,yes,yes,no,3,4,3,2,3,3,10,89.25,9,8,8
STU-AD5ED40A,Mathematics,2,2 to 5 hours,0,no,yes,no,yes,yes,yes,no,no,5,4,2,2,3,5,0,100.0,16,17,17
STU-6DCF56F1,Mathematics,2,2 to 5 hours,0,no,yes,no,yes,yes,yes,yes,yes,5,3,3,2,3,1,56,39.78,9,9,8
STU-C8BEF087,Mathematics,2,2 to 5 hours,0,no,yes,yes,no,yes,yes,yes,no,1,2,2,1,2,1,14,84.95,12,13,12
STU-0A8917A8,Mathematics,2,2 to 5 hours,0,no,yes,no,yes,yes,yes,yes,yes,4,3,4,2,3,4,12,87.1,12,12,11
STU-A264454B,Mathematics,1,<2 hours,0,no,yes,yes,yes,yes,yes,yes,yes,3,3,3,1,2,3,2,97.85,11,12,11
STU-21326CB6,Mathematics,2,2 to 5 hours,0,no,no,yes,yes,yes,yes,yes,yes,4,2,3,1,2,5,0,100.0,15,15,15
STU-F1A11A40,Mathematics,2,2 to 5 hours,0,no,yes,no,no,no,yes,yes,yes,3,3,3,1,3,3,6,93.55,8,7,9
STU-548680C9,Mathematics,2,2 to 5 hours,0,no,no,no,no,yes,yes,no,no,3,1,3,1,5,3,4,95.7,8,9,10
STU-A47A6B49,Mathematics,2,2 to 5 hours,0,no,no,no,no,yes,yes,yes,no,4,3,3,1,1,2,10,89.25,11,12,13
STU-B42126A7,Mathematics,2,2 to 5 hours,0,no,no,no,yes,yes,yes,yes,no,5,3,3,1,1,3,0,100.0,8,8,9
STU-F4073123,Mathematics,2,2 to 5 hours,0,no,no,yes,yes,no,yes,yes,no,4,4,4,4,5,5,12,87.1,7,8,8
STU-494C9799,Mathematics,1,<2 hours,0,no,yes,no,yes,yes,yes,yes,no,4,3,2,3,4,5,8,91.4,8,9,10
STU-07B44D91,Mathematics,1,<2 hours,0,no,no,no,no,yes,yes,yes,no,5,3,3,1,1,3,0,100.0,13,14,14
STU-CB5D7ADB,Mathematics,2,2 to 5 hours,0,no,no,no,yes,yes,yes,yes,yes,4,3,2,1,1,5,0,100.0,14,15,15
STU-64359A7E,Mathematics,1,<2 hours,0,no,no,no,no,yes,yes,yes,no,5,2,3,1,2,5,4,95.7,17,15,16
STU-597B5529,Mathematics,1,<2 hours,0,no,yes,yes,yes,yes,yes,yes,no,3,3,4,3,5,3,8,91.4,9,9,10
STU-D0A23D7D,Mathematics,1,<2 hours,1,no,yes,no,no,yes,yes,yes,no,4,2,4,2,3,2,24,74.19,18,18,18
STU-C3D573AC,Mathematics,2,2 to 5 hours,0,no,yes,yes,no,yes,yes,yes,no,4,5,2,1,2,3,0,100.0,9,9,10
STU-B9438DC5,Mathematics,2,2 to 5 hours,0,no,yes,no,yes,yes,yes,yes,no,4,3,5,1,5,2,2,97.85,16,16,16
STU-E9333265,Mathematics,2,2 to 5 hours,0,yes,yes,yes,yes,yes,yes,no,no,4,4,3,1,3,4,6,93.55,8,10,10
STU-CA973392,Mathematics,2,2 to 5 hours,0,no,yes,yes,no,no,yes,no,no,4,4,4,1,3,1,4,95.7,9,9,10
STU-A241D719,Mathematics,1,<2 hours,0,no,yes,no,no,yes,yes,yes,no,5,3,2,1,2,3,18,80.65,7,6,6
STU-5CFACFC5,Mathematics,4,>10 hours,0,no,yes,yes,yes,no,yes,yes,no,5,3,5,1,1,5,6,93.55,10,10,11
STU-755EA237,Mathematics,3,5 to 10 hours,1,no,yes,yes,no,yes,yes,yes,yes,4,4,3,3,4,5,28,69.89,10,9,9
STU-B25B0B8A,Mathematics,2,2 to 5 hours,3,no,yes,yes,no,yes,yes,yes,no,2,3,3,2,2,4,5,94.62,7,7,7
STU-A9D0EC5B,Mathematics,2,2 to 5 hours,0,no,no,yes,yes,yes,yes,yes,yes,1,3,2,1,1,1,10,89.25,11,12,13
STU-A209EC8B,Mathematics,1,<2 hours,0,no,yes,yes,no,yes,yes,no,no,4,3,2,1,4,5,6,93.55,9,9,10
STU-2DCA2DBA,Mathematics,3,5 to 10 hours,0,no,yes,yes,yes,yes,yes,yes,yes,4,4,2,1,1,4,6,93.55,7,7,7
STU-2E15ECC6,Mathematics,4,>10 hours,0,no,yes,yes,yes,yes,yes,yes,no,4,3,3,1,2,3,10,89.25,8,8,8
STU-94376763,Mathematics,2,2 to 5 hours,0,no,yes,yes,no,yes,yes,yes,yes,5,3,5,4,5,3,13,86.02,12,12,13
STU-F1AC58BF,Mathematics,2,2 to 5 hours,0,yes,yes,yes,no,yes,yes,yes,no,3,3,4,1,1,4,0,100.0,12,13,14
STU-03C760E9,Mathematics,2,2 to 5 hours,1,no,yes,yes,yes,yes,yes,yes,no,4,4,4,2,4,5,15,83.87,6,7,8
STU-8AEA16C1,Mathematics,1,<2 hours,0,no,yes,yes,no,yes,yes,no,no,5,2,1,1,2,3,12,87.1,8,10,10
STU-A0CB416D,Mathematics,2,2 to 5 hours,0,no,no,yes,no,yes,yes,yes,no,4,4,4,1,3,1,2,97.85,14,15,15
STU-0298B413,Mathematics,2,2 to 5 hours,2,no,no,yes,no,yes,yes,yes,yes,3,4,5,2,4,1,22,76.34,6,6,4
STU-C5AA3FF9,Mathematics,2,2 to 5 hours,1,no,yes,yes,no,yes,yes,yes,no,3,2,4,2,4,4,13,86.02,6,6,8
STU-AFAE430B,Mathematics,1,<2 hours,0,no,yes,yes,no,yes,yes,no,no,3,3,3,1,4,3,3,96.77,7,7,8
STU-5E06A373,Mathematics,3,5 to 10 hours,0,no,yes,yes,yes,yes,yes,yes,no,4,3,3,1,1,4,4,95.7,9,10,10
STU-DDFFE179,Mathematics,2,2 to 5 hours,0,no,yes,no,yes,yes,yes,yes,no,4,2,5,1,2,5,2,97.85,6,6,6
STU-952AD2DE,Mathematics,3,5 to 10 hours,1,no,yes,no,yes,yes,yes,no,yes,4,3,4,1,1,5,0,100.0,6,5,0
STU-606A0FF9,Mathematics,2,2 to 5 hours,0,yes,no,no,no,yes,yes,yes,no,2,3,1,1,1,3,2,97.85,16,16,17
STU-B77CE589,Mathematics,2,2 to 5 hours,0,no,yes,yes,no,yes,yes,yes,no,3,3,3,5,5,4,0,100.0,12,13,13
STU-F782029E,Mathematics,3,5 to 10 hours,0,no,yes,no,yes,no,yes,yes,no,5,3,2,1,1,5,0,100.0,13,13,14
STU-BFAD3F0C,Mathematics,2,2 to 5 hours,1,no,no,no,yes,yes,yes,yes,yes,5,3,3,1,1,4,16,82.8,9,8,7
STU-ACF9A61B,Mathematics,2,2 to 5 hours,0,no,no,no,yes,no,yes,yes,no,5,3,4,1,3,3,10,89.25,16,15,15
STU-03EBED53,Mathematics,2,2 to 5 hours,0,no,yes,yes,no,no,yes,yes,no,5,3,3,1,3,3,2,97.85,12,11,12
STU-1CA24876,Mathematics,2,2 to 5 hours,0,yes,yes,yes,yes,yes,yes,yes,yes,4,3,2,4,5,3,14,84.95,10,8,9
STU-8E2F6D85,Mathematics,3,5 to 10 hours,0,no,no,no,yes,yes,yes,yes,yes,3,2,3,1,2,3,10,89.25,12,10,12
STU-AD672812,Mathematics,2,2 to 5 hours,0,no,no,no,yes,yes,yes,yes,yes,3,2,3,1,2,3,14,84.95,13,13,14
STU-B31BF7A8,Mathematics,2,2 to 5 hours,0,no,yes,yes,yes,yes,yes,yes,no,4,5,2,1,1,1,4,95.7,11,11,11
STU-6239E0AA,Mathematics,2,2 to 5 hours,0,yes,yes,no,yes,yes,yes,yes,yes,4,5,5,1,3,2,14,84.95,11,9,9
STU-A384DF3F,Mathematics,2,2 to 5 hours,0,no,yes,yes,yes,yes,yes,yes,no,4,2,4,2,4,1,2,97.85,14,13,13
STU-C0906E54,Mathematics,2,2 to 5 hours,0,no,yes,yes,no,yes,yes,yes,no,3,4,2,1,1,5,18,80.65,9,7,6
STU-7C5275E4,Mathematics,3,5 to 10 hours,0,no,no,no,yes,yes,yes,yes,yes,5,3,3,1,3,2,10,89.25,11,9,10
STU-399BD0DC,Mathematics,2,2 to 5 hours,0,no,no,yes,yes,no,yes,yes,yes,4,4,2,5,5,4,4,95.7,14,13,13
STU-EEE66B23,Mathematics,1,<2 hours,0,no,no,no,no,yes,yes,yes,yes,4,5,2,1,1,5,20,78.49,13,12,12
STU-FD414DCB,Mathematics,2,2 to 5 hours,0,no,no,no,yes,yes,yes,no,no,2,1,1,1,1,3,2,97.85,13,11,11
STU-D0C0FB9C,Mathematics,2,2 to 5 hours,1,no,no,no,no,yes,no,yes,no,5,5,4,3,5,2,0,100.0,7,7,0
STU-384A4DC6,Mathematics,2,2 to 5 hours,0,no,no,no,yes,yes,yes,yes,yes,2,5,5,1,4,5,14,84.95,12,12,12
STU-C6493C68,Mathematics,2,2 to 5 hours,0,no,yes,yes,no,yes,yes,yes,no,3,3,3,2,3,4,2,97.85,10,11,12
STU-5D622B00,Mathematics,1,<2 hours,0,no,no,no,yes,no,yes,yes,no,5,4,5,1,1,3,0,100.0,6,0,0
STU-A88F7DD8,Mathematics,1,<2 hours,0,no,no,no,yes,yes,yes,yes,no,5,3,2,1,2,5,0,100.0,13,12,12
STU-D47BC8C3,Mathematics,3,5 to 10 hours,0,no,yes,yes,no,no,yes,yes,yes,4,4,4,1,1,3,0,100.0,7,0,0
STU-55CBB3CD,Mathematics,1,<2 hours,0,no,no,no,no,yes,yes,yes,no,4,3,3,1,1,4,6,93.55,18,18,18
STU-90A8CAE5,Mathematics,1,<2 hours,0,no,no,no,no,yes,yes,yes,no,5,2,2,1,1,2,4,95.7,12,12,13
STU-13A3D4D6,Mathematics,1,<2 hours,3,no,no,no,no,no,no,yes,yes,5,4,5,5,5,1,16,82.8,6,8,8
STU-F5A769BC,Mathematics,2,2 to 5 hours,1,no,yes,no,no,yes,yes,yes,yes,4,3,3,1,3,5,8,91.4,3,5,5
STU-1942A5DD,Mathematics,1,<2 hours,0,no,no,yes,no,no,yes,yes,no,4,3,2,2,4,5,0,100.0,13,15,15
STU-D1D91C87,Mathematics,1,<2 hours,1,no,no,no,no,yes,no,yes,no,4,4,5,2,4,5,0,100.0,6,8,8
STU-B6D3191C,Mathematics,2,2 to 5 hours,0,yes,yes,no,no,no,yes,yes,no,5,3,3,1,3,2,6,93.55,7,10,10
STU-0A169768,Mathematics,1,<2 hours,1,no,no,no,no,no,no,yes,no,3,2,5,2,5,5,4,95.7,6,9,8
STU-2506154C,Mathematics,1,<2 hours,0,no,no,no,yes,no,yes,no,no,3,3,2,1,3,3,0,100.0,8,9,8
STU-7877D315,Mathematics,1,<2 hours,0,no,no,no,no,no,yes,yes,no,4,4,2,2,4,5,0,100.0,8,12,12
STU-AF2BAA0C,Mathematics,1,<2 hours,1,no,yes,no,yes,yes,yes,yes,no,4,4,4,1,2,5,2,97.85,7,9,8
STU-B7D2C986,Mathematics,4,>10 hours,0,no,yes,yes,yes,yes,yes,yes,no,4,2,3,1,1,4,6,93.55,14,12,13
STU-B9EFB0DE,Mathematics,2,2 to 5 hours,0,no,yes,no,no,yes,yes,yes,no,4,3,1,1,1,1,12,87.1,11,11,11
STU-17D92758,Mathematics,2,2 to 5 hours,0,no,no,no,yes,yes,yes,yes,no,5,2,4,1,2,4,8,91.4,15,14,14
STU-F341E88E,Mathematics,4,>10 hours,0,no,no,yes,yes,yes,yes,yes,yes,3,4,1,1,1,2,0,100.0,10,9,0
STU-5032226C,Mathematics,2,2 to 5 hours,0,no,yes,yes,no,yes,yes,yes,yes,3,1,2,1,3,2,21,77.42,17,18,18
STU-729F8030,Mathematics,2,2 to 5 hours,0,no,yes,yes,no,no,yes,yes,no,4,3,2,1,1,3,2,97.85,8,8,8
STU-9AA0DF8E,Mathematics,3,5 to 10 hours,0,no,no,no,yes,no,yes,no,no,5,3,2,1,1,3,1,98.92,13,12,12
STU-8420A4D7,Mathematics,3,5 to 10 hours,0,no,no,no,yes,no,yes,no,no,3,2,3,1,1,4,4,95.7,10,9,9
STU-939050D8,Mathematics,3,5 to 10 hours,0,no,yes,yes,yes,yes,yes,yes,yes,4,3,3,1,1,3,0,100.0,9,10,0
STU-663B05F4,Mathematics,2,2 to 5 hours,0,no,yes,yes,yes,yes,yes,yes,no,4,2,5,3,4,1,13,86.02,17,17,17
STU-83C293F0,Mathematics,2,2 to 5 hours,0,no,no,yes,yes,yes,yes,yes,yes,5,4,4,3,4,5,2,97.85,9,9,10
STU-C6BC5A32,Mathematics,2,2 to 5 hours,0,no,no,yes,yes,yes,yes,yes,no,4,3,4,2,2,4,8,91.4,12,10,11
STU-6225567B,Mathematics,2,2 to 5 hours,0,no,yes,yes,yes,yes,yes,yes,yes,5,4,5,1,3,5,10,89.25,10,9,10
STU-2ACF751E,Mathematics,2,2 to 5 hours,0,no,yes,no,no,yes,no,yes,yes,4,3,5,1,2,3,0,100.0,6,0,0
STU-40EBB74A,Mathematics,2,2 to 5 hours,2,no,yes,yes,yes,yes,yes,yes,no,4,3,5,3,3,5,15,83.87,9,9,9
STU-B2DFBB62,Mathematics,4,>10 hours,0,no,yes,yes,yes,yes,yes,yes,yes,4,5,5,1,3,2,4,95.7,15,14,14
STU-77569D3A,Mathematics,2,2 to 5 hours,0,no,yes,yes,no,no,yes,no,no,4,4,3,1,1,3,2,97.85,11,11,11
STU-EC7CDC45,Mathematics,2,2 to 5 hours,0,no,yes,yes,yes,no,yes,no,yes,3,5,2,2,2,1,2,97.85,15,14,14
STU-F8A5F432,Mathematics,2,2 to 5 hours,0,no,yes,yes,no,yes,yes,yes,yes,4,3,3,1,1,1,2,97.85,10,10,10
STU-1239B6F2,Mathematics,2,2 to 5 hours,0,yes,yes,yes,no,yes,yes,yes,yes,4,4,4,2,3,5,6,93.55,12,12,12
STU-868C470A,Mathematics,2,2 to 5 hours,0,no,no,no,no,no,no,yes,yes,4,1,1,1,1,5,75,19.35,10,9,9
STU-C1BB86AE,Mathematics,1,<2 hours,0,no,no,yes,yes,yes,yes,yes,no,3,2,4,1,4,3,22,76.34,9,9,9
STU-AFFE5E56,Mathematics,2,2 to 5 hours,1,yes,yes,no,yes,yes,yes,yes,yes,2,4,4,1,1,4,15,83.87,9,8,8
STU-33DA4042,Mathematics,1,<2 hours,0,no,no,yes,yes,yes,yes,yes,no,4,2,3,1,2,1,8,91.4,10,11,10
STU-D9731AC3,Mathematics,1,<2 hours,0,no,no,yes,yes,yes,yes,yes,yes,4,5,4,2,4,5,30,67.74,8,8,8
STU-CF0BFA6F,Mathematics,1,<2 hours,1,no,no,no,no,yes,yes,yes,no,4,4,4,3,4,3,19,79.57,11,9,10
STU-B5995CD1,Mathematics,4,>10 hours,0,no,yes,yes,yes,yes,yes,no,no,5,2,2,1,1,3,1,98.92,12,12,12
STU-E99A0A05,Mathematics,2,2 to 5 hours,0,yes,no,no,yes,yes,yes,yes,no,5,4,4,1,1,4,4,95.7,8,9,10
STU-7681CF07,Mathematics,2,2 to 5 hours,0,no,yes,no,no,no,yes,yes,no,5,4,5,1,2,5,4,95.7,10,9,11
STU-3E0DD1D5,Mathematics,2,2 to 5 hours,0,no,no,yes,no,no,yes,yes,no,4,3,3,1,2,4,2,97.85,12,10,11
STU-DA6D3B87,Mathematics,3,5 to 10 hours,0,no,yes,yes,no,yes,yes,yes,no,4,3,3,1,2,2,5,94.62,18,18,19
STU-166D1425,Mathematics,3,5 to 10 hours,0,no,yes,yes,no,yes,yes,yes,no,4,3,3,1,1,3,6,93.55,13,12,12
STU-DC6B1F4F,Mathematics,3,5 to 10 hours,0,no,no,yes,yes,yes,yes,yes,no,4,2,4,1,3,2,6,93.55,15,14,14
STU-2DDE1326,Mathematics,2,2 to 5 hours,0,no,yes,yes,yes,yes,yes,yes,no,5,4,3,1,1,2,9,90.32,15,13,15
STU-DB53C071,Mathematics,2,2 to 5 hours,0,no,yes,yes,yes,yes,yes,yes,yes,4,3,2,1,4,5,11,88.17,12,11,11
STU-E810C8F8,Mathematics,3,5 to 10 hours,0,no,yes,yes,no,yes,yes,yes,no,4,2,2,1,2,3,0,100.0,15,15,15
STU-87F99BD0,Mathematics,2,2 to 5 hours,1,no,no,no,no,yes,yes,yes,yes,5,4,3,1,1,5,12,87.1,12,12,13
STU-D2DBCC0A,Mathematics,4,>10 hours,0,no,yes,yes,no,yes,yes,no,no,3,1,2,1,1,3,6,93.55,18,18,18
STU-33295AD4,Mathematics,3,5 to 10 hours,0,no,yes,yes,yes,yes,yes,yes,no,5,4,2,1,1,4,8,91.4,14,13,14
STU-3B408F4C,Mathematics,1,<2 hours,0,no,yes,yes,no,yes,yes,yes,no,4,4,3,1,3,5,4,95.7,14,12,11
STU-E553DB82,Mathematics,2,2 to 5 hours,0,no,yes,yes,yes,yes,yes,yes,no,2,3,4,2,3,2,0,100.0,10,9,0
STU-E55D0EBF,Mathematics,2,2 to 5 hours,0,no,yes,yes,no,yes,yes,yes,yes,4,4,5,1,2,2,10,89.25,10,8,8
STU-02538BD8,Mathematics,4,>10 hours,0,no,yes,yes,no,yes,yes,yes,no,4,3,3,1,1,3,0,100.0,14,13,14
STU-5C28817B,Mathematics,1,<2 hours,0,no,yes,yes,no,yes,yes,yes,yes,1,4,2,2,2,1,5,94.62,16,15,16
STU-07E38447,Mathematics,2,2 to 5 hours,0,no,yes,no,no,yes,yes,yes,yes,4,2,4,1,1,4,14,84.95,12,10,11
STU-4140EDDD,Mathematics,1,<2 hours,0,no,no,yes,no,yes,yes,yes,no,4,1,1,2,2,5,0,100.0,11,11,10
STU-22B7FA9B,Mathematics,3,5 to 10 hours,0,no,yes,yes,no,yes,yes,yes,no,4,3,3,1,1,3,0,100.0,15,12,14
STU-52B3F146,Mathematics,4,>10 hours,0,no,yes,yes,yes,no,yes,yes,no,5,2,2,1,2,5,0,100.0,17,17,18
STU-DB6D8BD0,Mathematics,2,2 to 5 hours,1,no,yes,no,yes,yes,yes,yes,yes,4,4,4,1,1,3,20,78.49,15,14,13
STU-8C94FC36,Mathematics,2,2 to 5 hours,1,no,yes,yes,yes,yes,yes,yes,no,4,4,3,1,1,3,8,91.4,14,12,12
STU-71A1F5C2,Mathematics,1,<2 hours,0,no,no,no,yes,yes,yes,no,no,5,5,3,1,1,5,0,100.0,17,18,18
STU-35632BFA,Mathematics,1,<2 hours,1,no,yes,yes,no,yes,yes,yes,yes,4,3,4,1,1,4,38,59.14,8,9,8
STU-E7D1A49D,Mathematics,2,2 to 5 hours,1,no,no,no,yes,yes,yes,no,yes,4,5,3,1,2,5,0,100.0,15,12,12
STU-8CA35DF2,Mathematics,2,2 to 5 hours,1,yes,yes,no,yes,no,yes,yes,no,4,4,3,1,3,3,18,80.65,12,10,10
STU-26E212E1,Mathematics,2,2 to 5 hours,1,no,no,no,yes,no,yes,no,yes,4,2,4,2,2,3,0,100.0,9,9,0
STU-430236AA,Mathematics,2,2 to 5 hours,0,no,yes,no,no,yes,no,yes,yes,3,4,1,1,1,2,20,78.49,14,12,13
STU-9694C38D,Mathematics,2,2 to 5 hours,1,no,no,no,no,no,yes,yes,no,4,5,2,2,2,4,3,96.77,13,11,11
STU-B4C8AE05,Mathematics,2,2 to 5 hours,1,no,yes,yes,no,no,yes,yes,yes,4,2,2,1,2,1,22,76.34,13,10,11
STU-055BA87C,Mathematics,3,5 to 10 hours,2,no,no,no,no,no,yes,yes,yes,4,1,2,1,1,3,14,84.95,15,13,13
STU-3D4DFEA8,Mathematics,3,5 to 10 hours,1,no,no,no,no,yes,yes,yes,yes,4,1,2,1,1,3,40,56.99,13,11,11
STU-94E39F61,Mathematics,2,2 to 5 hours,0,no,yes,yes,yes,yes,yes,yes,no,5,3,3,1,2,1,0,100.0,8,8,0
STU-DD8DF6E2,Mathematics,3,5 to 10 hours,0,no,yes,yes,yes,yes,yes,yes,yes,4,3,4,1,1,5,9,90.32,9,10,9
STU-AA3A7090,Mathematics,3,5 to 10 hours,0,no,yes,yes,yes,no,yes,yes,no,4,3,4,2,5,5,0,100.0,11,11,10
STU-5B44A9D3,Mathematics,2,2 to 5 hours,0,no,yes,yes,no,yes,yes,yes,no,4,4,4,3,3,5,2,97.85,11,11,11
STU-DE2ACAEE,Mathematics,2,2 to 5 hours,0,no,yes,yes,no,yes,yes,yes,yes,5,2,2,1,2,5,23,75.27,13,13,13
STU-5A229EF5,Mathematics,2,2 to 5 hours,0,no,yes,no,no,yes,yes,no,yes,4,2,2,1,1,3,12,87.1,11,9,9
STU-A8C0AD64,Mathematics,3,5 to 10 hours,0,no,yes,yes,yes,yes,yes,yes,no,3,3,2,2,2,3,3,96.77,11,11,11
STU-99ED1429,Mathematics,3,5 to 10 hours,0,no,yes,no,no,no,yes,yes,no,3,4,3,2,3,5,1,98.92,12,14,15
STU-51385447,Mathematics,3,5 to 10 hours,0,no,no,no,no,yes,yes,yes,no,3,3,3,2,3,2,0,100.0,16,15,15
STU-3DB65053,Mathematics,3,5 to 10 hours,0,no,no,no,yes,yes,yes,yes,no,4,3,3,2,2,3,3,96.77,9,12,11
STU-4567FD41,Mathematics,1,<2 hours,0,no,no,no,yes,no,yes,yes,no,4,3,5,3,5,5,3,96.77,14,15,16
STU-01EB470B,Mathematics,1,<2 hours,0,no,yes,no,no,yes,yes,yes,no,4,4,5,5,5,4,8,91.4,11,10,10
STU-8ADF8E42,Mathematics,3,5 to 10 hours,0,no,yes,yes,yes,yes,yes,yes,no,5,4,4,1,3,4,7,92.47,10,9,9
STU-5D4FC8BB,Mathematics,3,5 to 10 hours,0,no,yes,yes,no,no,yes,yes,yes,4,3,3,1,2,4,4,95.7,14,14,14
STU-E8C83903,Mathematics,4,>10 hours,0,no,yes,no,yes,yes,yes,yes,no,4,5,5,2,4,5,2,97.85,9,8,8
STU-DF3DFD1C,Mathematics,3,5 to 10 hours,0,no,yes,no,no,yes,yes,yes,yes,4,4,3,1,1,5,7,92.47,12,14,14
STU-CFE96450,Mathematics,2,2 to 5 hours,0,no,no,no,yes,yes,yes,yes,no,5,3,4,1,1,4,0,100.0,7,0,0
STU-6EDD3247,Mathematics,2,2 to 5 hours,0,no,no,no,yes,no,yes,yes,yes,4,3,3,1,1,2,0,100.0,8,8,0
STU-2DDFB354,Mathematics,4,>10 hours,0,no,no,no,yes,yes,yes,no,no,4,4,4,1,1,4,0,100.0,10,9,0
STU-904B8855,Mathematics,3,5 to 10 hours,0,no,no,no,no,yes,yes,yes,no,4,4,5,1,3,5,16,82.8,16,15,15
STU-1668F683,Mathematics,3,5 to 10 hours,1,no,no,yes,no,yes,yes,no,no,5,4,3,1,2,5,12,87.1,14,13,13
STU-32AC7410,Mathematics,2,2 to 5 hours,0,no,yes,yes,no,yes,yes,yes,yes,4,3,2,2,3,2,0,100.0,7,8,0
STU-0638F977,Mathematics,4,>10 hours,0,no,yes,no,no,yes,yes,yes,no,5,3,3,1,1,1,7,92.47,16,15,17
STU-6DF9BB94,Mathematics,2,2 to 5 hours,0,no,yes,yes,no,yes,yes,yes,no,4,3,3,2,3,2,4,95.7,9,10,10
STU-D3126E3E,Mathematics,3,5 to 10 hours,1,no,no,yes,yes,yes,yes,yes,yes,4,3,4,1,3,3,4,95.7,11,12,11
STU-CD81E3F8,Mathematics,2,2 to 5 hours,0,no,no,no,yes,yes,yes,yes,yes,4,3,3,1,3,5,11,88.17,16,15,15
STU-21DAB688,Mathematics,2,2 to 5 hours,1,no,yes,no,no,yes,yes,yes,yes,3,3,1,1,2,4,0,100.0,9,8,0
STU-732F6983,Mathematics,3,5 to 10 hours,0,no,yes,no,no,yes,yes,yes,no,4,3,3,1,2,3,4,95.7,11,10,10
STU-70C171D3,Mathematics,3,5 to 10 hours,0,no,no,no,no,yes,yes,yes,yes,5,4,3,2,3,1,7,92.47,13,13,14
STU-3F9ADA08,Mathematics,3,5 to 10 hours,0,no,no,no,no,yes,yes,yes,yes,5,3,2,1,2,4,9,90.32,16,15,16
STU-51027C17,Mathematics,3,5 to 10 hours,0,no,yes,yes,no,yes,yes,yes,yes,5,4,5,2,3,5,0,100.0,10,10,9
STU-18F11CAF,Mathematics,3,5 to 10 hours,0,no,yes,yes,yes,yes,yes,yes,yes,4,4,3,1,3,4,0,100.0,13,15,15
STU-0686CB8F,Mathematics,1,<2 hours,1,no,yes,no,no,no,yes,yes,no,2,5,5,5,5,5,10,89.25,11,13,13
STU-9F297993,Mathematics,2,2 to 5 hours,3,no,no,no,no,yes,yes,yes,no,5,4,4,3,3,2,8,91.4,8,7,8
STU-84F79B9A,Mathematics,2,2 to 5 hours,0,no,yes,yes,no,yes,yes,yes,no,4,5,4,2,3,3,2,97.85,13,13,13
STU-B10FDE2C,Mathematics,1,<2 hours,1,no,no,no,no,yes,no,yes,yes,4,3,3,2,3,3,7,92.47,8,7,8
STU-D3220DD4,Mathematics,1,<2 hours,1,no,yes,no,no,yes,yes,yes,no,4,4,4,3,3,5,4,95.7,8,8,8
STU-3DDAF610,Mathematics,2,2 to 5 hours,0,no,yes,yes,yes,no,yes,yes,yes,4,5,5,1,3,2,4,95.7,13,11,11
STU-9E49539E,Mathematics,2,2 to 5 hours,0,no,yes,no,no,yes,yes,no,yes,5,3,4,1,1,5,0,100.0,10,9,9
STU-DFE44DDA,Mathematics,2,2 to 5 hours,0,no,yes,yes,yes,yes,yes,yes,no,4,3,3,1,2,5,4,95.7,12,13,13
STU-4061D44D,Mathematics,2,2 to 5 hours,0,no,no,no,no,yes,yes,no,yes,1,2,3,1,2,5,2,97.85,12,12,11
STU-33700E51,Mathematics,1,<2 hours,0,no,no,no,no,no,yes,yes,yes,3,3,2,1,2,3,4,95.7,10,10,10
STU-42CD0E75,Mathematics,3,5 to 10 hours,0,no,no,no,no,yes,yes,yes,no,5,3,2,1,1,4,0,100.0,18,16,16
STU-DD40117C,Mathematics,2,2 to 5 hours,0,no,no,no,no,yes,yes,no,yes,4,3,4,1,4,5,0,100.0,13,13,13
STU-224B67E3,Mathematics,2,2 to 5 hours,1,no,no,no,yes,no,no,no,no,4,4,3,2,3,5,2,97.85,13,12,12
STU-8D860544,Mathematics,2,2 to 5 hours,0,no,yes,no,no,yes,yes,yes,yes,4,3,2,1,3,3,0,100.0,11,11,10
STU-C73835A0,Mathematics,2,2 to 5 hours,0,no,yes,yes,yes,yes,yes,yes,yes,2,3,4,1,1,1,0,100.0,16,15,15
STU-4A82C4A3,Mathematics,2,2 to 5 hours,0,no,no,no,no,no,yes,no,no,3,2,2,1,2,3,0,100.0,12,11,12
STU-D415BBAC,Mathematics,2,2 to 5 hours,0,no,yes,yes,no,yes,yes,no,no,3,3,4,2,4,3,4,95.7,10,10,10
STU-C96F7513,Mathematics,3,5 to 10 hours,0,no,no,yes,no,yes,yes,yes,yes,4,2,2,2,2,5,0,100.0,13,13,13
STU-68EC39A5,Mathematics,1,<2 hours,1,no,yes,yes,no,yes,yes,yes,yes,5,2,1,1,2,1,0,100.0,7,6,0
STU-ED2890D4,Mathematics,1,<2 hours,0,no,yes,yes,no,yes,yes,yes,yes,5,2,3,1,2,4,0,100.0,11,10,10
STU-ED287E8F,Mathematics,2,2 to 5 hours,0,no,yes,yes,no,no,yes,yes,yes,3,2,2,4,2,5,10,89.25,14,12,11
STU-C63135EB,Mathematics,2,2 to 5 hours,2,no,no,no,yes,yes,yes,no,yes,3,2,2,1,1,3,4,95.7,7,7,9
STU-D0DDB203,Mathematics,1,<2 hours,0,no,yes,yes,yes,yes,no,yes,yes,4,3,3,2,3,3,3,96.77,14,12,12
STU-48FC5D1C,Mathematics,3,5 to 10 hours,0,no,no,no,yes,yes,yes,no,yes,3,4,3,1,1,3,8,91.4,13,11,11
STU-8645C616,Mathematics,1,<2 hours,0,no,no,no,yes,yes,yes,yes,no,3,5,5,1,3,1,14,84.95,6,5,5
STU-C1D8824B,Mathematics,3,5 to 10 hours,0,no,no,no,no,yes,yes,yes,no,5,4,4,1,1,1,0,100.0,19,18,19
STU-FE883270,Mathematics,3,5 to 10 hours,0,no,no,no,no,yes,yes,yes,no,4,3,2,1,2,4,2,97.85,8,8,10
STU-F513BE06,Mathematics,3,5 to 10 hours,2,no,yes,yes,no,no,yes,yes,yes,5,4,3,1,1,3,4,95.7,15,14,15
STU-9A79F1EE,Mathematics,2,2 to 5 hours,0,no,no,yes,yes,yes,yes,yes,no,5,4,3,3,4,2,4,95.7,8,9,10
STU-523CB612,Mathematics,2,2 to 5 hours,0,no,no,yes,no,yes,yes,yes,yes,4,1,3,1,2,1,0,100.0,15,15,15
STU-C547C143,Mathematics,2,2 to 5 hours,0,no,yes,yes,yes,no,yes,yes,no,4,5,4,2,3,1,17,81.72,10,10,10
STU-8A5579F7,Mathematics,2,2 to 5 hours,0,no,no,yes,yes,no,yes,yes,no,3,2,4,1,4,2,4,95.7,15,14,14
STU-84E6366F,Mathematics,1,<2 hours,0,no,no,no,yes,no,yes,yes,yes,4,4,3,1,3,5,5,94.62,7,6,7
STU-06BDF63B,Mathematics,2,2 to 5 hours,0,no,no,no,yes,yes,yes,yes,no,4,4,3,1,1,3,2,97.85,11,11,10
STU-8717E8F0,Mathematics,1,<2 hours,1,no,no,no,no,yes,yes,no,no,4,3,2,1,3,5,0,100.0,6,5,0
STU-9E51D21F,Mathematics,1,<2 hours,1,no,no,yes,no,yes,yes,no,no,5,4,3,4,3,3,14,84.95,6,5,5
STU-F1CCF36D,Mathematics,3,5 to 10 hours,0,no,no,yes,no,yes,yes,no,no,5,3,3,1,3,4,2,97.85,10,9,10
STU-995D869B,Mathematics,1,<2 hours,0,no,yes,yes,yes,yes,yes,yes,yes,4,4,3,2,2,5,7,92.47,6,5,6
STU-D67573DD,Mathematics,3,5 to 10 hours,1,no,no,no,yes,no,yes,yes,no,5,4,2,1,2,5,0,100.0,7,5,0
STU-6B793CCF,Mathematics,2,2 to 5 hours,0,no,yes,yes,no,yes,yes,yes,no,4,3,4,1,1,1,0,100.0,7,9,8
STU-68A811B9,Mathematics,2,2 to 5 hours,1,no,no,no,yes,yes,yes,no,no,1,1,1,1,1,5,0,100.0,6,5,0
STU-C84026A2,Mathematics,2,2 to 5 hours,2,no,yes,yes,no,yes,yes,no,no,5,5,4,4,5,4,11,88.17,9,9,9
STU-FA0CCB2F,Mathematics,1,<2 hours,0,no,no,no,no,no,yes,yes,no,2,4,5,3,4,2,3,96.77,14,16,16
STU-9569D833,Mathematics,1,<2 hours,3,no,no,no,no,no,yes,no,no,5,5,3,3,3,3,3,96.77,10,8,7
STU-D61AD816,Mathematics,1,<2 hours,0,no,no,no,no,no,yes,yes,no,4,4,1,3,4,5,0,100.0,11,12,10
STU-A8023ED7,Mathematics,1,<2 hours,0,no,no,no,no,yes,yes,yes,no,3,2,3,3,3,5,5,94.62,8,9,9
STU-7081F9F9,Portuguese,2,2 to 5 hours,0,yes,no,no,no,yes,yes,no,no,4,3,4,1,1,3,4,95.7,0,11,11
STU-456C1019,Portuguese,2,2 to 5 hours,0,no,yes,no,no,no,yes,yes,no,5,3,3,1,1,3,2,97.85,9,11,11
STU-2E1D48C5,Portuguese,2,2 to 5 hours,0,yes,no,no,no,yes,yes,yes,no,4,3,2,2,3,3,6,93.55,12,13,12
STU-7B84202E,Portuguese,3,5 to 10 hours,0,no,yes,no,yes,yes,yes,yes,yes,3,2,2,1,1,5,0,100.0,14,14,14
STU-8F44186E,Portuguese,2,2 to 5 hours,0,no,yes,no,no,yes,yes,no,no,4,3,2,1,2,5,0,100.0,11,13,13
STU-E3F7485F,Portuguese,2,2 to 5 hours,0,no,yes,no,yes,yes,yes,yes,no,5,4,2,1,2,5,6,93.55,12,12,13
STU-48BF80C7,Portuguese,2,2 to 5 hours,0,no,no,no,no,yes,yes,yes,no,4,4,4,1,1,3,0,100.0,13,12,13
STU-0D817C3D,Portuguese,2,2 to 5 hours,0,yes,yes,no,no,yes,yes,no,no,4,1,4,1,1,1,2,97.85,10,13,13
STU-22A4FBE2,Portuguese,2,2 to 5 hours,0,no,yes,no,no,yes,yes,yes,no,4,2,2,1,1,1,0,100.0,15,16,17
STU-15652EDE,Portuguese,2,2 to 5 hours,0,no,yes,no,yes,yes,yes,yes,no,5,5,1,1,1,5,0,100.0,12,12,13
STU-39585AE6,Portuguese,2,2 to 5 hours,0,no,yes,no,no,yes,yes,yes,no,3,3,3,1,2,2,2,97.85,14,14,14
STU-1F46ED13,Portuguese,3,5 to 10 hours,0,no,yes,no,yes,yes,yes,yes,no,5,2,2,1,1,4,0,100.0,10,12,13
STU-73E7FA9E,Portuguese,1,<2 hours,0,no,yes,no,yes,yes,yes,yes,no,4,3,3,1,3,5,0,100.0,12,13,12
STU-5202D937,Portuguese,2,2 to 5 hours,0,no,yes,no,no,yes,yes,yes,no,5,4,3,1,2,3,0,100.0,12,12,13
STU-68C122A3,Portuguese,3,5 to 10 hours,0,no,yes,no,no,yes,yes,yes,yes,4,5,2,1,1,3,0,100.0,14,14,15
STU-F0AAADE2,Portuguese,1,<2 hours,0,no,yes,no,no,yes,yes,yes,no,4,4,4,1,2,2,6,93.55,17,17,17
STU-F25656AE,Portuguese,3,5 to 10 hours,0,no,yes,no,yes,yes,yes,yes,no,3,2,3,1,2,2,10,89.25,13,13,14
STU-9EA47A4E,Portuguese,2,2 to 5 hours,0,yes,yes,no,yes,yes,yes,no,no,5,3,2,1,1,4,2,97.85,13,14,14
STU-503B3244,Portuguese,1,<2 hours,3,no,yes,yes,yes,yes,yes,yes,no,5,5,5,2,4,5,2,97.85,8,8,7
STU-419D39B0,Portuguese,1,<2 hours,0,no,no,no,yes,yes,yes,yes,no,3,1,3,1,3,5,6,93.55,12,12,12
STU-114E9CD1,Portuguese,2,2 to 5 hours,0,no,no,no,no,yes,yes,yes,no,4,4,1,1,1,1,0,100.0,12,13,14
STU-9D0FB92A,Portuguese,1,<2 hours,0,no,yes,yes,no,yes,yes,yes,no,5,4,2,1,1,5,0,100.0,11,12,12
STU-C936C263,Portuguese,2,2 to 5 hours,0,no,no,no,yes,yes,yes,yes,no,4,5,1,1,3,5,0,100.0,12,13,14
STU-AB078B4C,Portuguese,2,2 to 5 hours,0,no,yes,no,yes,yes,yes,yes,no,5,4,4,2,4,5,2,97.85,10,10,10
STU-5DC4E551,Portuguese,3,5 to 10 hours,0,yes,yes,no,yes,yes,yes,yes,no,4,3,2,1,1,5,2,97.85,10,11,10
STU-719CD4A4,Portuguese,1,<2 hours,0,no,yes,no,no,no,yes,yes,no,1,2,2,1,3,5,6,93.55,10,11,12
STU-6D322426,Portuguese,1,<2 hours,0,no,yes,no,no,yes,yes,yes,no,4,2,2,1,2,5,8,91.4,11,12,12
STU-4595E9E2,Portuguese,1,<2 hours,0,no,no,no,no,yes,yes,yes,no,2,2,4,2,4,1,0,100.0,11,11,11
STU-09EA8E11,Portuguese,2,2 to 5 hours,0,yes,yes,yes,yes,yes,yes,yes,no,5,3,3,1,1,5,2,97.85,12,12,13
STU-D1F6A181,Portuguese,2,2 to 5 hours,0,no,yes,yes,yes,yes,yes,yes,yes,4,4,5,5,5,5,4,95.7,12,11,12
STU-007A4610,Portuguese,2,2 to 5 hours,0,no,yes,yes,no,no,yes,yes,no,5,4,2,3,4,5,0,100.0,10,11,11
STU-B6B62C92,Portuguese,2,2 to 5 hours,0,no,yes,no,yes,yes,yes,yes,no,4,3,1,1,1,5,2,97.85,15,15,15
STU-168BC7D4,Portuguese,2,2 to 5 hours,0,no,yes,no,yes,yes,yes,yes,yes,4,5,2,1,1,5,0,100.0,13,14,15
STU-232FC95D,Portuguese,2,2 to 5 hours,0,no,no,no,yes,no,yes,yes,no,5,3,2,1,1,2,0,100.0,13,12,12
STU-0F7F1639,Portuguese,1,<2 hours,0,no,yes,no,no,no,yes,yes,no,5,4,3,1,1,5,4,95.7,12,12,12
STU-346D1ED8,Portuguese,1,<2 hours,0,no,yes,no,yes,yes,yes,no,no,3,5,1,1,1,5,4,95.7,11,11,11
STU-54B1B380,Portuguese,3,5 to 10 hours,0,no,yes,no,yes,yes,yes,yes,no,5,4,3,1,1,4,0,100.0,14,14,14
STU-6FAAC800,Portuguese,3,5 to 10 hours,0,no,yes,no,yes,yes,yes,yes,yes,2,4,3,1,1,5,4,95.7,13,13,13
STU-9F641579,Portuguese,3,5 to 10 hours,0,yes,yes,no,yes,yes,yes,yes,no,4,3,2,1,1,5,2,97.85,11,12,12
STU-5FDCA47D,Portuguese,1,<2 hours,0,yes,yes,no,yes,yes,yes,no,no,4,3,1,1,1,2,8,91.4,14,13,12
STU-7615AB39,Portuguese,2,2 to 5 hours,0,no,yes,no,yes,no,yes,yes,yes,3,3,3,1,2,3,16,82.8,11,11,10
STU-7D7B1066,Portuguese,1,<2 hours,0,no,yes,no,no,no,yes,yes,yes,5,4,3,2,4,5,8,91.4,10,11,11
STU-A563A07E,Portuguese,2,2 to 5 hours,0,no,yes,no,yes,yes,yes,yes,no,4,3,3,1,1,5,0,100.0,14,15,15
STU-98DBE181,Portuguese,1,<2 hours,0,yes,yes,no,no,yes,yes,yes,no,5,4,1,1,1,1,0,100.0,9,10,10
STU-9FE78E02,Portuguese,2,2 to 5 hours,1,yes,no,no,yes,yes,yes,yes,no,4,3,3,2,2,5,14,84.95,10,11,11
STU-BD00A41C,Portuguese,2,2 to 5 hours,0,yes,yes,yes,yes,yes,yes,yes,yes,5,2,2,1,1,5,4,95.7,10,11,11
STU-E1BA4C96,Portuguese,2,2 to 5 hours,0,no,yes,no,no,yes,yes,yes,no,2,3,5,1,4,3,6,93.55,13,12,13
STU-2D3C97A6,Portuguese,4,>10 hours,0,no,no,no,yes,yes,yes,yes,no,4,2,2,1,1,2,2,97.85,17,17,17
STU-B20B9336,Portuguese,2,2 to 5 hours,0,no,yes,no,no,yes,yes,no,no,4,3,3,2,2,5,4,95.7,11,12,13
STU-22671154,Portuguese,2,2 to 5 hours,0,yes,yes,no,yes,no,yes,yes,no,4,4,4,1,1,3,2,97.85,13,12,12
STU-87E1D54F,Portuguese,2,2 to 5 hours,0,no,yes,no,no,yes,yes,yes,no,4,3,3,2,3,4,0,100.0,14,13,13
STU-69114641,Portuguese,2,2 to 5 hours,0,no,yes,no,no,yes,yes,yes,no,4,3,3,1,1,5,0,100.0,16,14,16
STU-A50F99FB,Portuguese,1,<2 hours,0,no,no,no,no,yes,yes,no,no,5,5,5,3,4,5,4,95.7,10,9,9
STU-3D23468A,Portuguese,1,<2 hours,0,yes,yes,no,no,yes,yes,yes,no,3,3,4,2,3,5,0,100.0,13,12,12
STU-B3E524BB,Portuguese,1,<2 hours,0,no,no,no,no,yes,yes,yes,no,5,3,4,4,4,1,0,100.0,13,12,13
STU-E43870D1,Portuguese,2,2 to 5 hours,0,no,no,no,yes,yes,yes,yes,yes,5,3,4,1,1,2,2,97.85,12,13,12
STU-F25C7CF0,Portuguese,2,2 to 5 hours,0,no,yes,no,yes,yes,yes,yes,no,4,3,2,1,1,1,0,100.0,15,14,15
STU-300C102A,Portuguese,2,2 to 5 hours,0,no,yes,no,yes,yes,yes,no,no,3,2,2,1,1,5,8,91.4,15,15,16
STU-A8678075,Portuguese,2,2 to 5 hours,0,yes,yes,no,yes,yes,yes,yes,no,4,3,2,1,1,5,0,100.0,14,13,14
STU-401BD1B7,Portuguese,2,2 to 5 hours,0,no,yes,yes,no,yes,yes,yes,no,4,2,3,1,1,5,2,97.85,16,15,16
STU-0192628A,Portuguese,2,2 to 5 hours,0,no,yes,no,yes,yes,yes,no,no,2,4,4,2,3,4,0,100.0,17,16,16
STU-0BA134A2,Portuguese,1,<2 hours,0,yes,yes,no,yes,no,yes,yes,yes,5,5,5,5,5,5,0,100.0,10,10,16
STU-687206FE,Portuguese,2,2 to 5 hours,0,yes,no,no,yes,yes,yes,yes,no,4,4,3,1,1,1,0,100.0,13,13,10
STU-FF9874A2,Portuguese,3,5 to 10 hours,0,yes,yes,no,yes,yes,yes,yes,no,3,4,4,2,4,4,0,100.0,14,13,13
STU-5F6AA41F,Portuguese,2,2 to 5 hours,0,yes,no,no,yes,yes,yes,yes,yes,4,4,4,2,4,2,0,100.0,13,12,12
STU-A0C55580,Portuguese,2,2 to 5 hours,0,no,yes,no,yes,yes,yes,yes,no,5,4,3,1,2,1,2,97.85,16,15,16
STU-30133F89,Portuguese,4,>10 hours,0,no,yes,no,yes,no,yes,yes,yes,1,3,3,5,5,3,0,100.0,11,12,12
STU-0D15B186,Portuguese,4,>10 hours,0,yes,yes,no,no,yes,yes,yes,no,4,3,3,1,2,5,0,100.0,10,9,10
STU-C2DED612,Portuguese,2,2 to 5 hours,0,yes,yes,no,no,yes,yes,yes,no,4,1,3,1,3,4,0,100.0,11,10,11
STU-5937C88F,Portuguese,4,>10 hours,0,no,yes,no,no,no,yes,yes,no,4,4,2,2,3,3,6,93.55,15,15,15
STU-D87B8E95,Portuguese,4,>10 hours,0,no,yes,no,no,yes,yes,yes,no,4,3,2,1,1,5,2,97.85,13,11,11
STU-E74C1FCA,Portuguese,4,>10 hours,0,no,no,no,no,yes,yes,yes,no,3,3,3,1,1,3,0,100.0,11,9,10
STU-F0400DDC,Portuguese,2,2 to 5 hours,0,yes,yes,no,no,no,yes,yes,yes,3,3,4,2,4,5,2,97.85,13,11,11
STU-5BDD2FB3,Portuguese,1,<2 hours,0,no,no,no,yes,yes,yes,no,no,5,3,2,2,2,5,0,100.0,13,13,14
STU-E0D89C36,Portuguese,2,2 to 5 hours,0,yes,yes,no,yes,yes,yes,yes,no,4,3,3,2,4,5,4,95.7,11,11,11
STU-98ED6E9D,Portuguese,2,2 to 5 hours,0,no,yes,no,yes,yes,yes,yes,no,4,3,3,2,3,5,0,100.0,11,11,11
STU-6681E7A7,Portuguese,4,>10 hours,0,no,no,no,yes,yes,yes,yes,no,3,4,3,1,1,1,0,100.0,12,11,11
STU-0A3D4FF8,Portuguese,4,>10 hours,0,no,no,no,no,yes,yes,yes,yes,5,2,3,1,3,3,1,98.92,13,13,13
STU-69668EB0,Portuguese,1,<2 hours,3,yes,yes,no,yes,yes,no,yes,no,4,5,1,1,1,3,0,100.0,9,9,10
STU-DBD7451A,Portuguese,2,2 to 5 hours,0,no,yes,no,no,yes,yes,yes,no,2,4,3,1,2,3,14,84.95,12,11,11
STU-C265FABC,Portuguese,1,<2 hours,0,yes,yes,no,yes,no,yes,yes,yes,3,2,2,1,3,3,0,100.0,11,11,12
STU-63A420DB,Portuguese,3,5 to 10 hours,0,yes,no,no,no,no,yes,yes,no,5,3,2,1,2,5,2,97.85,10,9,9
STU-FEFC7BE8,Portuguese,2,2 to 5 hours,0,no,yes,no,no,yes,yes,yes,no,4,4,4,1,1,5,4,95.7,12,11,11
STU-A0D4610E,Portuguese,2,2 to 5 hours,0,no,no,yes,yes,yes,yes,yes,no,5,3,3,1,3,4,2,97.85,13,12,13
STU-18A00DB2,Portuguese,2,2 to 5 hours,0,no,yes,no,yes,no,yes,yes,no,4,3,2,2,3,4,2,97.85,13,12,12
STU-85EF4016,Portuguese,2,2 to 5 hours,0,no,no,no,no,yes,yes,yes,yes,4,4,4,2,3,5,4,95.7,12,11,12
STU-06CAEA8E,Portuguese,2,2 to 5 hours,0,no,yes,no,no,yes,yes,no,no,4,3,4,1,2,2,6,93.55,13,11,11
STU-610CC2D9,Portuguese,3,5 to 10 hours,0,no,yes,no,yes,yes,yes,yes,no,5,3,3,1,3,1,4,95.7,15,15,15
STU-9BB406DC,Portuguese,2,2 to 5 hours,0,no,no,no,yes,no,yes,yes,no,4,4,2,1,1,3,6,93.55,12,10,11
STU-794660FB,Portuguese,2,2 to 5 hours,0,no,yes,no,no,yes,yes,no,no,4,1,3,3,5,5,6,93.55,9,9,10
STU-9DF9B249,Portuguese,3,5 to 10 hours,0,no,yes,no,no,yes,yes,yes,yes,4,3,3,1,3,4,2,97.85,9,11,11
STU-A6E6FD26,Portuguese,1,<2 hours,0,no,no,no,yes,yes,yes,yes,no,4,5,5,1,3,1,6,93.55,14,13,13
STU-EEF94D78,Portuguese,2,2 to 5 hours,0,yes,yes,no,no,yes,yes,no,no,3,3,3,2,3,2,0,100.0,12,13,12
STU-E4B6DF55,Portuguese,2,2 to 5 hours,0,no,yes,no,yes,yes,yes,yes,no,5,3,3,1,1,1,2,97.85,13,14,14
STU-93EB2F14,Portuguese,4,>10 hours,0,no,yes,no,yes,yes,yes,yes,no,4,3,4,1,1,4,2,97.85,11,12,12
STU-75EFED09,Portuguese,4,>10 hours,0,yes,yes,yes,yes,yes,yes,yes,no,3,1,2,1,1,1,4,95.7,13,13,13
STU-46ADB2CE,Portuguese,1,<2 hours,0,yes,yes,yes,yes,no,yes,yes,no,3,3,3,1,1,4,6,93.55,9,11,11
STU-03E8CAC7,Portuguese,2,2 to 5 hours,0,no,yes,no,no,yes,yes,no,yes,4,3,5,1,1,5,0,100.0,13,12,12
STU-EEBCF729,Portuguese,1,<2 hours,0,no,no,no,yes,no,yes,yes,no,5,3,4,1,2,1,4,95.7,12,13,13
STU-9520AD4E,Portuguese,3,5 to 10 hours,0,yes,yes,no,no,yes,yes,yes,no,5,3,5,1,1,3,2,97.85,12,13,13
STU-F3C0B480,Portuguese,1,<2 hours,0,yes,yes,no,yes,yes,yes,yes,no,4,5,5,5,5,4,12,87.1,9,9,8
STU-03237CBA,Portuguese,3,5 to 10 hours,0,no,yes,no,yes,yes,yes,yes,yes,4,4,3,1,1,4,0,100.0,16,16,16
STU-23F7C36E,Portuguese,1,<2 hours,0,no,yes,yes,yes,no,yes,yes,no,5,3,3,1,1,5,2,97.85,12,13,12
STU-60D2AE52,Portuguese,2,2 to 5 hours,0,yes,yes,no,no,yes,yes,yes,no,4,3,5,1,1,2,16,82.8,11,10,10
STU-8C34293B,Portuguese,2,2 to 5 hours,0,no,yes,no,yes,yes,yes,yes,no,5,4,4,1,1,1,0,100.0,16,16,16
STU-44EF5F3E,Portuguese,4,>10 hours,0,yes,no,no,no,yes,yes,no,no,4,3,3,1,1,4,10,89.25,10,10,10
STU-18B8E9FD,Portuguese,4,>10 hours,0,yes,yes,no,no,yes,yes,yes,no,5,1,2,1,1,3,4,95.7,10,10,10
STU-89274968,Portuguese,3,5 to 10 hours,0,no,yes,no,yes,yes,yes,yes,no,5,3,3,1,1,5,4,95.7,13,14,14
STU-ABFA4D58,Portuguese,4,>10 hours,0,no,yes,no,yes,yes,yes,yes,yes,1,3,5,3,5,1,8,91.4,12,10,11
STU-D0F198AC,Portuguese,3,5 to 10 hours,0,no,yes,no,yes,yes,yes,yes,yes,5,4,5,1,1,4,2,97.85,15,15,14
STU-63B707DA,Portuguese,1,<2 hours,0,no,no,no,yes,yes,yes,yes,no,5,5,3,1,1,4,4,95.7,13,14,14
STU-945AD5F8,Portuguese,3,5 to 10 hours,0,yes,yes,no,yes,yes,yes,yes,no,4,1,2,1,1,2,4,95.7,11,11,11
STU-281EA029,Portuguese,2,2 to 5 hours,1,yes,no,no,yes,yes,yes,yes,no,3,1,2,1,1,5,12,87.1,8,10,10
STU-225F3192,Portuguese,1,<2 hours,0,no,no,no,no,yes,yes,yes,no,3,5,2,1,1,3,10,89.25,18,17,18
STU-90B77E7D,Portuguese,2,2 to 5 hours,0,no,no,no,yes,yes,yes,yes,yes,5,4,2,1,1,5,4,95.7,10,9,10
STU-11690B74,Portuguese,2,2 to 5 hours,0,no,yes,no,yes,yes,yes,yes,no,5,4,4,1,2,5,6,93.55,16,14,14
STU-C0C6373F,Portuguese,2,2 to 5 hours,0,no,yes,no,yes,yes,yes,no,no,4,4,3,1,1,2,4,95.7,16,15,16
STU-F4216162,Portuguese,1,<2 hours,0,no,no,no,yes,yes,yes,yes,no,5,4,2,1,1,5,6,93.55,14,14,15
STU-F4475577,Portuguese,2,2 to 5 hours,1,no,yes,no,yes,yes,yes,yes,no,5,2,4,1,4,5,14,84.95,12,11,11
STU-C98B1F12,Portuguese,1,<2 hours,0,no,no,no,no,yes,yes,yes,no,3,4,3,1,2,4,2,97.85,14,13,14
STU-951DF931,Portuguese,2,2 to 5 hours,0,no,no,no,no,no,yes,yes,no,3,2,3,1,2,1,0,100.0,14,14,14
STU-4450B4D0,Portuguese,4,>10 hours,0,no,yes,no,yes,yes,yes,yes,no,5,5,4,1,2,5,6,93.55,14,13,13
STU-1E9EAC45,Portuguese,2,2 to 5 hours,0,no,yes,no,yes,yes,yes,yes,yes,4,2,2,1,2,5,2,97.85,14,12,13
STU-DAAA60A0,Portuguese,1,<2 hours,0,no,yes,no,yes,yes,yes,yes,no,3,4,4,1,4,5,4,95.7,12,13,13
STU-AA8D33B7,Portuguese,2,2 to 5 hours,0,no,no,no,no,yes,yes,yes,yes,5,4,4,1,1,5,0,100.0,12,11,11
STU-3CAF5445,Portuguese,1,<2 hours,0,yes,no,no,no,yes,yes,yes,no,5,5,5,3,2,5,2,97.85,9,9,9
STU-0D20982C,Portuguese,2,2 to 5 hours,0,yes,no,no,yes,yes,yes,yes,yes,5,3,2,1,1,1,0,100.0,10,11,11
STU-90AC2BB0,Portuguese,2,2 to 5 hours,2,no,yes,no,no,no,no,no,no,3,4,2,1,1,5,0,100.0,9,10,11
STU-8937BE7E,Portuguese,1,<2 hours,0,no,no,no,yes,yes,yes,yes,no,3,5,5,2,5,4,8,91.4,14,14,15
STU-DBED2E78,Portuguese,3,5 to 10 hours,0,no,yes,no,no,no,yes,yes,yes,3,2,3,2,2,1,4,95.7,13,12,13
STU-E2ECAE54,Portuguese,3,5 to 10 hours,0,no,yes,no,no,yes,yes,yes,yes,4,2,2,2,2,5,0,100.0,10,11,12
STU-BBAC4735,Portuguese,2,2 to 5 hours,3,no,yes,no,yes,yes,no,yes,yes,5,4,5,1,3,5,10,89.25,10,9,8
STU-55594F85,Portuguese,1,<2 hours,0,no,yes,no,no,yes,yes,yes,no,3,2,2,1,2,5,8,91.4,11,10,11
STU-B681FE76,Portuguese,1,<2 hours,0,no,yes,no,yes,no,yes,yes,yes,4,3,3,1,2,4,6,93.55,11,12,13
STU-2062C61C,Portuguese,1,<2 hours,0,no,yes,no,no,yes,yes,yes,yes,3,4,4,1,3,5,2,97.85,13,12,12
STU-EB3589B5,Portuguese,1,<2 hours,0,no,no,no,no,yes,yes,yes,no,3,2,1,1,4,5,12,87.1,15,13,14
STU-D2A6279B,Portuguese,1,<2 hours,0,no,no,no,no,yes,yes,no,no,3,2,1,1,1,2,4,95.7,9,9,11
STU-F521A15A,Portuguese,1,<2 hours,1,no,no,no,no,yes,yes,no,no,5,3,4,1,1,5,12,87.1,13,11,11
STU-60E1C036,Portuguese,2,2 to 5 hours,0,no,yes,no,no,yes,yes,no,yes,5,3,3,1,1,5,2,97.85,12,11,11
STU-A823FE17,Portuguese,3,5 to 10 hours,0,no,yes,no,yes,yes,yes,yes,yes,4,3,3,1,1,5,4,95.7,13,14,15
STU-77852A18,Portuguese,2,2 to 5 hours,0,no,no,no,no,yes,yes,no,no,5,4,5,2,4,5,2,97.85,10,9,10
STU-6722A298,Portuguese,2,2 to 5 hours,0,no,yes,no,no,yes,yes,no,no,5,1,3,1,1,3,0,100.0,14,13,13
STU-9892CC6F,Portuguese,1,<2 hours,0,no,no,no,yes,yes,yes,yes,yes,3,3,4,4,5,4,2,97.85,11,11,12
STU-E0506018,Portuguese,3,5 to 10 hours,0,no,yes,no,yes,no,yes,yes,yes,4,3,3,5,1,5,10,89.25,12,11,11
STU-A6A23E79,Portuguese,1,<2 hours,0,no,yes,no,yes,yes,yes,no,yes,3,3,3,1,2,1,8,91.4,12,11,11
STU-E1DECCF8,Portuguese,1,<2 hours,0,no,yes,no,yes,no,yes,yes,yes,4,3,2,1,1,5,4,95.7,9,9,10
STU-A5F1F649,Portuguese,2,2 to 5 hours,2,no,no,no,no,yes,yes,no,yes,4,4,4,1,3,5,0,100.0,10,10,10
STU-69D23BE3,Portuguese,1,<2 hours,0,no,no,no,yes,yes,yes,yes,no,4,3,2,1,1,5,6,93.55,13,14,14
STU-33234FC4,Portuguese,1,<2 hours,1,no,no,no,yes,yes,yes,yes,yes,5,5,5,1,1,1,2,97.85,8,9,9
STU-5D8F9A50,Portuguese,4,>10 hours,0,yes,yes,no,no,yes,yes,yes,no,2,2,2,1,1,3,6,93.55,9,11,11
STU-54BC9657,Portuguese,2,2 to 5 hours,0,no,no,no,no,no,yes,no,yes,1,3,2,2,3,1,24,74.19,9,8,9
STU-A88F7DD8,Portuguese,3,5 to 10 hours,0,no,yes,no,yes,yes,yes,yes,no,5,3,3,1,3,5,0,100.0,15,13,13
STU-F10E7CA7,Portuguese,1,<2 hours,0,no,yes,no,yes,yes,yes,yes,no,2,3,3,2,2,2,4,95.7,12,11,11
STU-D82D98E2,Portuguese,3,5 to 10 hours,0,no,yes,no,yes,yes,yes,yes,no,4,2,2,1,1,5,2,97.85,13,13,13
STU-D062DEF0,Portuguese,1,<2 hours,0,no,no,no,no,yes,yes,yes,no,3,4,4,3,3,1,4,95.7,10,11,11
STU-B512432D,Portuguese,2,2 to 5 hours,0,no,yes,no,no,yes,yes,yes,no,4,4,2,1,2,5,0,100.0,12,12,12
STU-DB604946,Portuguese,1,<2 hours,0,no,yes,no,yes,yes,no,yes,yes,4,4,2,1,1,5,0,100.0,11,10,10
STU-3B5D435F,Portuguese,2,2 to 5 hours,1,no,yes,no,no,yes,yes,yes,no,3,3,2,1,1,3,2,97.85,11,11,11
STU-82865406,Portuguese,2,2 to 5 hours,0,no,yes,no,no,no,yes,yes,no,4,3,2,1,1,5,6,93.55,13,12,13
STU-188F7051,Portuguese,2,2 to 5 hours,0,no,no,no,no,no,yes,no,yes,2,3,4,2,4,1,6,93.55,11,11,11
STU-632BF98A,Portuguese,1,<2 hours,0,no,no,no,no,yes,yes,yes,no,4,5,5,2,5,5,0,100.0,12,11,11
STU-6C6F63DD,Portuguese,1,<2 hours,2,no,no,no,no,yes,no,yes,yes,2,3,5,2,5,4,0,100.0,11,9,0
STU-ABEE31ED,Portuguese,1,<2 hours,1,no,no,no,yes,yes,yes,no,yes,4,4,4,3,5,5,6,93.55,9,10,10
STU-4431EC67,Portuguese,3,5 to 10 hours,0,no,yes,yes,yes,yes,yes,yes,yes,4,2,1,2,3,3,2,97.85,13,13,13
STU-82460453,Portuguese,1,<2 hours,0,no,yes,no,no,yes,no,yes,yes,4,5,4,1,1,4,6,93.55,11,9,11
STU-DF320FB3,Portuguese,1,<2 hours,0,yes,yes,no,no,yes,yes,no,yes,4,2,1,1,1,4,0,100.0,13,13,13
STU-17618AFF,Portuguese,2,2 to 5 hours,0,yes,no,yes,yes,yes,yes,no,no,4,4,4,1,1,1,0,100.0,7,8,8
STU-08AEF502,Portuguese,1,<2 hours,3,no,no,no,no,yes,yes,no,no,2,2,2,3,3,5,14,84.95,9,8,10
STU-3D082156,Portuguese,1,<2 hours,3,no,yes,no,yes,no,yes,no,no,5,2,5,1,5,4,6,93.55,11,10,11
STU-119777A5,Portuguese,1,<2 hours,0,no,no,no,no,no,yes,no,no,4,2,2,1,2,3,4,95.7,12,10,11
STU-28925959,Portuguese,2,2 to 5 hours,1,no,yes,no,no,yes,yes,yes,yes,4,5,5,4,4,5,0,100.0,10,10,1
STU-7ADC1AE2,Portuguese,1,<2 hours,2,no,no,no,no,no,yes,yes,no,4,4,5,3,5,5,0,100.0,9,8,10
STU-DA9E5C08,Portuguese,1,<2 hours,1,no,no,yes,yes,yes,no,yes,yes,3,3,2,2,2,5,8,91.4,8,8,9
STU-D470E0BE,Portuguese,2,2 to 5 hours,2,yes,yes,no,no,yes,yes,yes,yes,4,4,4,1,4,3,4,95.7,7,6,8
STU-D2646745,Portuguese,1,<2 hours,0,no,no,no,yes,yes,yes,no,no,4,4,4,2,4,5,2,97.85,8,9,10
STU-B361A933,Portuguese,1,<2 hours,1,no,no,no,no,yes,no,yes,no,5,3,3,1,4,2,2,97.85,9,8,8
STU-BBAFAF13,Portuguese,2,2 to 5 hours,0,no,no,no,yes,yes,no,no,yes,5,3,5,1,5,5,0,100.0,8,8,8
STU-C94A4718,Portuguese,1,<2 hours,3,no,yes,no,yes,no,no,no,no,4,5,2,1,1,2,10,89.25,8,7,8
STU-785C0BE2,Portuguese,2,2 to 5 hours,0,no,no,no,no,yes,no,yes,no,4,3,5,2,4,4,0,100.0,9,10,11
STU-E15E3EC8,Portuguese,2,2 to 5 hours,0,no,no,no,no,yes,yes,yes,yes,4,2,3,1,1,3,0,100.0,17,17,18
STU-7AF39DAA,Portuguese,2,2 to 5 hours,0,no,yes,no,no,no,yes,yes,no,5,1,5,1,1,4,0,100.0,12,12,13
STU-05500DAB,Portuguese,2,2 to 5 hours,0,no,yes,no,no,yes,yes,yes,yes,4,4,2,1,1,3,0,100.0,16,16,17
STU-CE66669F,Portuguese,1,<2 hours,1,no,yes,no,yes,no,yes,yes,no,3,4,5,2,4,2,4,95.7,9,9,10
STU-685FCE56,Portuguese,2,2 to 5 hours,0,no,yes,no,yes,yes,yes,yes,yes,4,3,2,1,1,3,0,100.0,16,17,18
STU-F79B62BD,Portuguese,2,2 to 5 hours,0,no,yes,no,yes,yes,yes,yes,no,4,4,4,1,3,5,0,100.0,11,9,10
STU-449A60F3,Portuguese,2,2 to 5 hours,0,no,no,no,yes,no,yes,yes,yes,4,3,5,1,1,3,0,100.0,14,13,13
STU-0256B23F,Portuguese,2,2 to 5 hours,0,no,yes,no,yes,yes,yes,yes,no,4,4,5,1,1,4,0,100.0,14,14,15
STU-133463C2,Portuguese,2,2 to 5 hours,0,no,no,no,yes,yes,yes,yes,no,4,4,4,4,4,4,0,100.0,10,11,11
STU-D0D98679,Portuguese,2,2 to 5 hours,0,no,no,no,yes,no,yes,yes,no,3,4,4,1,4,5,0,100.0,13,12,14
STU-A9CD44A2,Portuguese,2,2 to 5 hours,0,no,no,no,yes,no,yes,yes,no,4,3,4,1,4,4,4,95.7,11,9,10
STU-28B0A0EB,Portuguese,1,<2 hours,0,no,yes,no,yes,yes,yes,yes,yes,4,3,3,3,4,3,8,91.4,10,9,11
STU-EA531AD3,Portuguese,2,2 to 5 hours,0,no,yes,yes,yes,yes,yes,yes,yes,5,2,3,1,1,2,4,95.7,11,11,13
STU-CF3B0A6D,Portuguese,2,2 to 5 hours,0,no,yes,yes,yes,yes,yes,yes,no,3,4,3,2,3,3,4,95.7,11,10,11
STU-AD5ED40A,Portuguese,2,2 to 5 hours,0,no,yes,no,yes,yes,yes,no,no,5,4,2,2,3,5,0,100.0,17,18,17
STU-6DCF56F1,Portuguese,2,2 to 5 hours,0,no,yes,no,yes,yes,yes,yes,yes,5,3,3,2,3,1,32,65.59,14,13,14
STU-C8BEF087,Portuguese,2,2 to 5 hours,0,no,yes,no,no,yes,yes,yes,no,1,2,2,1,2,1,8,91.4,14,15,16
STU-0A8917A8,Portuguese,2,2 to 5 hours,0,no,yes,no,yes,yes,yes,yes,yes,4,3,4,2,3,4,6,93.55,11,13,14
STU-A264454B,Portuguese,1,<2 hours,0,no,yes,no,yes,yes,yes,yes,yes,3,3,3,1,2,3,0,100.0,10,9,11
STU-21326CB6,Portuguese,2,2 to 5 hours,0,no,no,no,yes,yes,yes,yes,yes,4,2,3,1,2,5,0,100.0,13,14,16
STU-F1A11A40,Portuguese,2,2 to 5 hours,0,no,yes,no,no,no,yes,yes,yes,3,3,3,1,3,3,10,89.25,12,13,14
STU-548680C9,Portuguese,2,2 to 5 hours,0,no,no,no,no,yes,yes,no,no,3,1,3,1,5,3,6,93.55,9,9,10
STU-A47A6B49,Portuguese,2,2 to 5 hours,0,no,no,no,no,yes,yes,yes,no,4,3,3,1,1,2,6,93.55,12,12,13
STU-B42126A7,Portuguese,2,2 to 5 hours,0,no,no,no,yes,yes,yes,yes,no,5,3,3,1,1,3,0,100.0,12,11,12
STU-F4073123,Portuguese,2,2 to 5 hours,0,no,no,no,yes,no,yes,yes,no,4,4,4,4,5,5,16,82.8,10,11,12
STU-494C9799,Portuguese,1,<2 hours,0,no,yes,no,yes,yes,yes,yes,no,4,3,2,3,4,5,0,100.0,11,10,10
STU-07B44D91,Portuguese,1,<2 hours,0,no,no,no,no,yes,yes,yes,no,5,3,3,1,1,3,0,100.0,13,12,12
STU-CB5D7ADB,Portuguese,2,2 to 5 hours,0,no,no,no,yes,yes,yes,yes,yes,4,3,2,1,1,5,8,91.4,14,15,16
STU-64359A7E,Portuguese,1,<2 hours,0,no,no,no,no,yes,yes,yes,no,5,2,3,1,2,5,4,95.7,13,13,14
STU-597B5529,Portuguese,1,<2 hours,0,no,yes,no,yes,yes,yes,yes,no,3,3,4,3,5,3,16,82.8,10,11,12
STU-D0A23D7D,Portuguese,1,<2 hours,1,no,yes,no,no,yes,yes,yes,no,4,2,4,2,3,2,30,67.74,14,15,16
STU-C3D573AC,Portuguese,2,2 to 5 hours,0,no,yes,no,no,yes,yes,yes,no,4,5,2,1,2,3,0,100.0,11,10,11
STU-B9438DC5,Portuguese,2,2 to 5 hours,0,no,yes,no,yes,yes,yes,yes,no,4,3,5,1,5,2,2,97.85,14,14,15
STU-E9333265,Portuguese,2,2 to 5 hours,0,yes,yes,no,yes,yes,yes,no,no,4,4,3,1,3,4,4,95.7,11,12,12
STU-CA973392,Portuguese,2,2 to 5 hours,0,no,yes,no,no,no,yes,no,no,4,4,4,1,3,1,0,100.0,14,15,15
STU-A241D719,Portuguese,1,<2 hours,0,no,yes,no,no,yes,yes,yes,no,5,3,2,1,2,3,21,77.42,13,13,13
STU-5CFACFC5,Portuguese,4,>10 hours,0,no,yes,no,yes,no,yes,yes,no,5,3,5,1,1,5,6,93.55,13,13,13
STU-755EA237,Portuguese,3,5 to 10 hours,1,no,yes,yes,no,yes,yes,yes,yes,4,4,3,3,4,5,14,84.95,8,9,8
STU-B25B0B8A,Portuguese,2,2 to 5 hours,0,no,yes,no,no,yes,yes,yes,no,2,3,3,2,2,4,2,97.85,11,11,12
STU-A9D0EC5B,Portuguese,2,2 to 5 hours,0,no,no,no,yes,yes,yes,yes,yes,1,3,2,1,1,1,4,95.7,14,15,15
STU-A209EC8B,Portuguese,1,<2 hours,0,no,yes,no,no,yes,yes,no,no,4,3,2,1,4,5,2,97.85,12,13,13
STU-2DCA2DBA,Portuguese,3,5 to 10 hours,0,no,yes,no,yes,yes,yes,yes,yes,4,4,2,1,1,4,0,100.0,11,12,12
STU-2E15ECC6,Portuguese,4,>10 hours,0,no,yes,no,yes,yes,yes,yes,no,4,3,3,1,2,3,4,95.7,12,12,12
STU-94376763,Portuguese,2,2 to 5 hours,0,no,yes,no,no,yes,yes,yes,yes,5,3,5,4,5,3,15,83.87,13,12,12
STU-F1AC58BF,Portuguese,2,2 to 5 hours,0,yes,yes,no,no,yes,yes,yes,no,3,3,4,1,1,4,0,100.0,13,13,13
STU-03C760E9,Portuguese,2,2 to 5 hours,0,no,yes,no,yes,yes,yes,yes,no,4,4,4,2,4,5,10,89.25,12,11,11
STU-8AEA16C1,Portuguese,1,<2 hours,0,no,yes,no,no,yes,yes,no,no,5,2,1,1,2,3,6,93.55,12,11,11
STU-A0CB416D,Portuguese,2,2 to 5 hours,0,no,no,no,no,yes,yes,yes,no,4,4,4,1,3,1,2,97.85,14,16,15
STU-0298B413,Portuguese,2,2 to 5 hours,0,no,no,no,no,yes,yes,yes,yes,3,4,5,2,4,1,16,82.8,11,9,10
STU-C5AA3FF9,Portuguese,2,2 to 5 hours,0,no,yes,no,no,yes,yes,yes,no,3,2,4,2,4,4,10,89.25,10,10,10
STU-AFAE430B,Portuguese,1,<2 hours,0,no,yes,no,no,yes,yes,no,no,3,3,3,1,4,3,4,95.7,12,13,13
STU-5E06A373,Portuguese,3,5 to 10 hours,0,no,yes,no,yes,yes,yes,yes,no,4,3,3,1,1,4,0,100.0,12,12,13
STU-DDFFE179,Portuguese,2,2 to 5 hours,0,no,yes,no,yes,yes,yes,yes,no,4,2,5,1,2,5,0,100.0,11,10,11
STU-952AD2DE,Portuguese,3,5 to 10 hours,0,no,yes,no,yes,yes,yes,no,yes,4,3,4,1,1,5,12,87.1,12,12,12
STU-606A0FF9,Portuguese,2,2 to 5 hours,0,yes,no,no,no,yes,yes,yes,no,2,3,1,1,1,3,0,100.0,13,13,14
STU-B77CE589,Portuguese,2,2 to 5 hours,3,no,yes,yes,no,yes,yes,yes,no,3,3,3,5,5,4,9,90.32,10,9,10
STU-F782029E,Portuguese,3,5 to 10 hours,0,no,yes,no,yes,no,yes,yes,no,5,3,2,1,1,5,4,95.7,15,16,16
STU-BFAD3F0C,Portuguese,2,2 to 5 hours,0,no,no,no,yes,yes,yes,yes,yes,5,3,3,1,1,4,4,95.7,8,8,8
STU-ACF9A61B,Portuguese,2,2 to 5 hours,0,no,no,no,yes,no,yes,yes,no,5,3,4,1,3,3,2,97.85,17,18,17
STU-03EBED53,Portuguese,2,2 to 5 hours,0,no,yes,no,no,no,yes,yes,no,5,3,3,1,3,3,0,100.0,10,11,11
STU-1CA24876,Portuguese,2,2 to 5 hours,0,yes,yes,no,yes,yes,yes,yes,yes,4,3,2,4,5,3,2,97.85,9,10,11
STU-8E2F6D85,Portuguese,3,5 to 10 hours,0,no,no,no,yes,yes,yes,yes,yes,3,2,3,1,2,3,0,100.0,15,15,16
STU-AD672812,Portuguese,2,2 to 5 hours,0,no,no,no,yes,yes,yes,yes,yes,3,2,3,1,2,3,0,100.0,14,12,12
STU-B31BF7A8,Portuguese,2,2 to 5 hours,0,no,yes,no,yes,yes,yes,yes,no,4,5,2,1,1,1,0,100.0,12,13,13
STU-6239E0AA,Portuguese,2,2 to 5 hours,0,yes,yes,no,yes,yes,yes,yes,yes,4,5,5,1,3,2,0,100.0,13,13,13
STU-A384DF3F,Portuguese,2,2 to 5 hours,0,no,yes,no,yes,yes,yes,yes,no,4,2,4,2,4,1,0,100.0,13,13,14
STU-C0906E54,Portuguese,2,2 to 5 hours,0,no,yes,no,no,yes,yes,yes,no,3,4,2,1,1,5,2,97.85,9,9,9
STU-7C5275E4,Portuguese,3,5 to 10 hours,0,no,no,no,yes,yes,yes,yes,yes,5,3,3,1,3,2,0,100.0,12,12,12
STU-399BD0DC,Portuguese,2,2 to 5 hours,0,no,no,no,yes,no,yes,yes,yes,4,4,2,5,5,4,0,100.0,16,16,16
STU-EEE66B23,Portuguese,1,<2 hours,0,no,no,no,no,yes,yes,yes,yes,4,5,2,1,1,5,4,95.7,9,10,10
STU-01490824,Portuguese,2,2 to 5 hours,0,no,no,no,yes,yes,yes,yes,yes,5,3,3,1,2,5,0,100.0,14,13,13
STU-72DD8E6B,Portuguese,2,2 to 5 hours,1,no,yes,no,no,yes,yes,yes,no,4,3,3,1,1,3,18,80.65,10,10,10
STU-86199ADA,Portuguese,2,2 to 5 hours,1,no,yes,no,no,no,yes,yes,yes,5,3,1,1,1,5,16,82.8,9,8,10
STU-AD844083,Portuguese,1,<2 hours,1,no,no,no,no,yes,no,yes,no,4,1,1,1,1,3,14,84.95,8,7,7
STU-11DB36E9,Portuguese,1,<2 hours,1,no,yes,no,yes,no,no,yes,yes,4,4,3,2,2,1,26,72.04,7,8,8
STU-20D8D327,Portuguese,1,<2 hours,0,no,yes,no,yes,no,yes,yes,no,4,2,1,1,2,5,6,93.55,10,8,9
STU-49D51390,Portuguese,2,2 to 5 hours,0,no,no,no,yes,yes,yes,no,no,5,4,2,1,1,3,4,95.7,14,14,15
STU-17E7181C,Portuguese,3,5 to 10 hours,0,no,yes,no,yes,yes,yes,yes,yes,4,3,2,1,2,4,10,89.25,11,10,10
STU-239D2E0B,Portuguese,1,<2 hours,0,no,no,no,no,yes,no,yes,no,5,3,5,1,2,5,4,95.7,12,11,11
STU-FD414DCB,Portuguese,2,2 to 5 hours,0,no,no,no,yes,yes,yes,no,no,2,1,1,1,1,3,2,97.85,13,13,13
STU-63C63F20,Portuguese,1,<2 hours,1,no,yes,no,no,yes,yes,yes,no,5,5,4,1,1,5,14,84.95,9,9,8
STU-D0C0FB9C,Portuguese,2,2 to 5 hours,0,no,no,no,no,yes,no,yes,no,5,5,4,3,5,2,16,82.8,8,7,8
STU-85DCA321,Portuguese,1,<2 hours,1,no,yes,no,no,no,no,yes,no,3,1,2,1,1,1,8,91.4,11,9,10
STU-5BE9B4F0,Portuguese,3,5 to 10 hours,0,no,no,no,yes,yes,yes,yes,no,4,3,3,1,3,5,4,95.7,15,14,15
STU-CBE2D635,Portuguese,2,2 to 5 hours,0,no,yes,no,yes,yes,yes,no,no,4,3,2,1,1,4,4,95.7,15,14,14
STU-384A4DC6,Portuguese,2,2 to 5 hours,0,no,no,no,yes,yes,yes,yes,yes,2,5,5,1,4,5,8,91.4,15,15,15
STU-C6493C68,Portuguese,2,2 to 5 hours,0,no,yes,no,no,yes,yes,yes,no,3,3,3,2,3,4,0,100.0,12,12,12
STU-5D622B00,Portuguese,1,<2 hours,0,no,no,no,yes,no,yes,yes,no,5,4,5,1,1,3,7,92.47,14,14,15
STU-8ADF8E42,Portuguese,2,2 to 5 hours,0,no,yes,yes,no,yes,yes,yes,yes,5,3,1,1,4,5,2,97.85,11,11,12
STU-2066BAC3,Portuguese,3,5 to 10 hours,0,no,no,no,no,no,yes,yes,yes,4,3,3,1,1,1,2,97.85,13,14,15
STU-9B9DBF20,Portuguese,3,5 to 10 hours,0,no,yes,no,no,yes,yes,yes,yes,4,2,2,2,3,5,10,89.25,11,11,11
STU-11FFB57A,Portuguese,2,2 to 5 hours,0,yes,no,no,no,no,yes,no,yes,4,3,2,1,1,4,10,89.25,10,9,10
STU-D47BC8C3,Portuguese,3,5 to 10 hours,0,no,yes,no,no,no,yes,yes,yes,4,4,4,1,1,3,10,89.25,12,10,11
STU-55CBB3CD,Portuguese,1,<2 hours,0,no,no,no,no,yes,yes,yes,no,4,3,3,1,1,4,7,92.47,15,16,16
STU-D5DDCD52,Portuguese,2,2 to 5 hours,0,no,yes,no,no,yes,yes,no,no,4,3,4,1,2,5,4,95.7,11,10,11
STU-90A8CAE5,Portuguese,1,<2 hours,0,no,no,no,no,yes,yes,yes,no,5,2,2,1,1,2,2,97.85,9,12,13
STU-13A3D4D6,Portuguese,1,<2 hours,3,no,no,no,no,no,no,yes,yes,5,4,5,5,5,1,12,87.1,7,8,5
STU-F5A769BC,Portuguese,2,2 to 5 hours,0,no,yes,no,no,yes,yes,yes,yes,4,3,3,1,3,5,8,91.4,10,9,10
STU-1942A5DD,Portuguese,1,<2 hours,0,no,no,no,no,no,yes,yes,no,4,3,2,2,4,5,0,100.0,11,12,11
STU-D1D91C87,Portuguese,1,<2 hours,0,no,no,no,no,yes,no,yes,no,4,4,5,2,4,5,8,91.4,7,8,7
STU-B6D3191C,Portuguese,2,2 to 5 hours,1,yes,yes,no,no,no,yes,yes,no,5,3,3,1,3,2,4,95.7,9,11,10
STU-0A169768,Portuguese,1,<2 hours,2,no,no,no,no,no,no,yes,no,3,2,5,2,5,5,4,95.7,7,8,6
STU-2506154C,Portuguese,1,<2 hours,0,no,no,no,yes,no,yes,no,no,3,3,2,1,3,3,2,97.85,14,13,12
STU-7877D315,Portuguese,1,<2 hours,0,no,no,no,no,no,yes,yes,no,4,4,2,2,4,5,0,100.0,12,12,13
STU-AF2BAA0C,Portuguese,1,<2 hours,1,no,yes,no,yes,yes,yes,yes,no,4,4,4,1,2,5,0,100.0,9,10,10
STU-D58D207B,Portuguese,2,2 to 5 hours,0,no,yes,no,no,no,yes,yes,yes,4,3,4,1,3,5,2,97.85,12,12,13
STU-B7D2C986,Portuguese,4,>10 hours,0,no,yes,no,yes,yes,yes,yes,no,4,2,3,1,1,4,2,97.85,14,15,17
STU-9954BC01,Portuguese,2,2 to 5 hours,0,no,yes,no,no,yes,yes,yes,no,4,3,3,1,1,5,0,100.0,10,10,11
STU-22EA2ABB,Portuguese,2,2 to 5 hours,1,no,no,no,yes,no,no,yes,no,4,4,5,4,4,5,4,95.7,11,10,11
STU-5E2556E5,Portuguese,3,5 to 10 hours,0,no,yes,no,yes,yes,yes,yes,no,4,3,4,1,3,5,2,97.85,11,12,14
STU-B563DD6A,Portuguese,3,5 to 10 hours,0,no,yes,no,no,no,yes,no,no,4,4,3,2,3,3,4,95.7,11,12,14
STU-5FFA7709,Portuguese,2,2 to 5 hours,0,yes,no,no,no,yes,yes,no,no,3,2,3,1,1,5,4,95.7,11,11,13
STU-B9EFB0DE,Portuguese,2,2 to 5 hours,0,no,yes,no,no,yes,yes,yes,no,4,3,1,1,1,1,4,95.7,11,13,14
STU-17D92758,Portuguese,2,2 to 5 hours,0,no,no,no,yes,yes,yes,yes,no,5,2,4,1,2,4,2,97.85,16,16,16
STU-88BD4735,Portuguese,1,<2 hours,0,no,no,no,no,no,no,no,no,5,2,2,1,1,4,0,100.0,9,10,10
STU-F341E88E,Portuguese,4,>10 hours,0,no,no,no,yes,yes,yes,yes,yes,3,4,1,1,1,2,2,97.85,10,11,12
STU-02615315,Portuguese,2,2 to 5 hours,0,no,yes,yes,yes,yes,no,yes,yes,1,2,3,1,2,2,8,91.4,10,12,12
STU-5032226C,Portuguese,2,2 to 5 hours,0,no,yes,no,no,yes,yes,yes,yes,3,1,2,1,3,2,2,97.85,15,15,15
STU-729F8030,Portuguese,2,2 to 5 hours,0,no,yes,no,no,no,yes,yes,no,4,3,2,1,1,3,2,97.85,10,10,11
STU-9AA0DF8E,Portuguese,3,5 to 10 hours,0,no,no,no,yes,no,yes,no,no,5,3,2,1,1,3,2,97.85,10,11,12
STU-8420A4D7,Portuguese,3,5 to 10 hours,0,no,no,no,yes,no,yes,no,no,3,2,3,1,1,4,2,97.85,15,12,13
STU-939050D8,Portuguese,3,5 to 10 hours,0,no,yes,no,yes,yes,yes,yes,yes,4,3,3,1,1,3,0,100.0,11,12,13
STU-0E548630,Portuguese,1,<2 hours,0,no,no,no,no,yes,no,yes,no,4,4,4,2,3,4,8,91.4,8,8,9
STU-663B05F4,Portuguese,2,2 to 5 hours,0,no,yes,no,yes,yes,yes,yes,no,4,2,5,3,4,1,6,93.55,15,16,16
STU-83C293F0,Portuguese,2,2 to 5 hours,0,no,no,no,yes,yes,yes,yes,yes,5,4,4,3,4,5,0,100.0,11,11,14
STU-C6BC5A32,Portuguese,2,2 to 5 hours,0,no,no,no,yes,yes,yes,yes,no,4,3,4,2,2,4,8,91.4,10,11,12
STU-6225567B,Portuguese,2,2 to 5 hours,0,no,yes,no,yes,yes,yes,yes,yes,5,4,5,1,3,5,4,95.7,10,12,14
STU-2ACF751E,Portuguese,2,2 to 5 hours,0,no,yes,no,no,yes,no,yes,yes,4,3,5,1,2,3,12,87.1,8,9,10
STU-40EBB74A,Portuguese,2,2 to 5 hours,0,no,yes,no,yes,yes,yes,yes,no,4,3,5,3,3,5,16,82.8,11,12,12
STU-B2DFBB62,Portuguese,4,>10 hours,0,no,yes,no,yes,yes,yes,yes,yes,4,5,5,1,3,2,10,89.25,16,16,16
STU-77569D3A,Portuguese,2,2 to 5 hours,0,no,yes,no,no,no,yes,no,no,4,4,3,1,1,3,2,97.85,13,13,13
STU-EC7CDC45,Portuguese,2,2 to 5 hours,0,no,yes,no,yes,no,yes,no,yes,3,5,2,2,2,1,2,97.85,16,17,18
STU-59987E38,Portuguese,2,2 to 5 hours,0,no,yes,no,no,yes,yes,yes,yes,4,2,5,1,2,1,8,91.4,14,14,15
STU-F8A5F432,Portuguese,2,2 to 5 hours,0,no,yes,no,no,yes,yes,yes,yes,4,3,3,1,1,1,6,93.55,15,16,16
STU-1239B6F2,Portuguese,2,2 to 5 hours,0,yes,yes,no,no,yes,yes,yes,yes,4,4,4,2,3,5,6,93.55,12,12,12
STU-868C470A,Portuguese,2,2 to 5 hours,0,no,no,no,no,no,no,yes,yes,4,1,1,1,1,5,15,83.87,12,9,10
STU-C1BB86AE,Portuguese,1,<2 hours,0,no,no,no,yes,yes,yes,yes,no,3,2,4,1,4,3,6,93.55,11,12,12
STU-AFFE5E56,Portuguese,2,2 to 5 hours,1,yes,yes,no,yes,yes,yes,yes,yes,2,4,4,1,1,4,2,97.85,14,12,13
STU-98611A09,Portuguese,3,5 to 10 hours,0,no,yes,no,no,yes,yes,yes,yes,4,2,3,1,1,1,8,91.4,13,15,15
STU-4851F48F,Portuguese,2,2 to 5 hours,1,yes,yes,no,no,yes,no,yes,no,3,3,3,4,3,3,0,100.0,9,8,10
STU-33DA4042,Portuguese,1,<2 hours,0,no,no,no,yes,yes,yes,yes,no,4,2,3,1,2,1,0,100.0,10,10,10
STU-F2F16061,Portuguese,1,<2 hours,0,no,no,no,no,no,no,yes,no,3,4,4,2,4,4,10,89.25,10,10,11
STU-D9731AC3,Portuguese,1,<2 hours,0,no,no,no,yes,yes,yes,yes,yes,4,5,4,2,4,5,22,76.34,11,11,10
STU-CF0BFA6F,Portuguese,1,<2 hours,0,no,no,no,no,yes,yes,yes,no,4,4,4,3,4,3,18,80.65,13,13,13
STU-B5995CD1,Portuguese,4,>10 hours,0,no,yes,no,yes,yes,yes,no,no,5,2,2,1,1,3,2,97.85,17,17,18
STU-E99A0A05,Portuguese,2,2 to 5 hours,0,yes,no,no,yes,yes,yes,yes,no,5,4,4,1,1,4,0,100.0,12,13,13
STU-7681CF07,Portuguese,2,2 to 5 hours,0,no,yes,no,no,no,yes,yes,no,5,4,5,1,2,5,12,87.1,12,12,14
STU-306CA010,Portuguese,2,2 to 5 hours,0,no,no,no,yes,yes,yes,yes,yes,4,3,1,1,1,5,10,89.25,12,13,14
STU-3E0DD1D5,Portuguese,2,2 to 5 hours,0,no,no,no,no,no,yes,yes,no,4,3,3,1,2,4,0,100.0,12,12,12
STU-DA6D3B87,Portuguese,3,5 to 10 hours,0,no,yes,no,no,yes,yes,yes,no,4,3,3,1,2,2,0,100.0,18,18,18
STU-166D1425,Portuguese,3,5 to 10 hours,0,no,yes,no,no,yes,yes,yes,no,4,3,3,1,1,3,0,100.0,13,13,14
STU-DC6B1F4F,Portuguese,3,5 to 10 hours,0,no,no,no,yes,yes,yes,yes,no,4,2,4,1,3,2,0,100.0,14,15,15
STU-2DDE1326,Portuguese,2,2 to 5 hours,0,no,yes,no,yes,yes,yes,yes,no,5,4,3,1,1,2,0,100.0,17,17,17
STU-DB53C071,Portuguese,2,2 to 5 hours,0,no,yes,no,yes,yes,yes,yes,yes,4,3,2,1,4,5,2,97.85,15,16,16
STU-E810C8F8,Portuguese,3,5 to 10 hours,0,no,yes,no,no,yes,yes,yes,no,4,2,2,1,2,3,0,100.0,17,18,18
STU-D2DBCC0A,Portuguese,4,>10 hours,0,no,yes,no,no,yes,yes,no,no,3,1,2,1,1,3,0,100.0,18,19,19
STU-33295AD4,Portuguese,3,5 to 10 hours,0,no,yes,no,yes,yes,yes,yes,no,5,4,2,1,1,4,0,100.0,14,15,15
STU-3B408F4C,Portuguese,1,<2 hours,0,no,yes,no,no,yes,yes,yes,no,4,4,3,1,3,5,0,100.0,14,15,15
STU-E553DB82,Portuguese,2,2 to 5 hours,0,no,yes,no,yes,yes,yes,yes,no,2,3,4,2,3,2,2,97.85,14,13,13
STU-E55D0EBF,Portuguese,2,2 to 5 hours,0,no,yes,no,no,yes,yes,yes,yes,4,4,5,1,2,2,0,100.0,13,14,14
STU-02538BD8,Portuguese,4,>10 hours,0,no,yes,no,no,yes,yes,yes,no,4,3,3,1,1,3,0,100.0,16,17,17
STU-5C28817B,Portuguese,1,<2 hours,0,no,yes,no,no,yes,yes,yes,yes,1,4,2,2,2,1,0,100.0,18,18,17
STU-07E38447,Portuguese,2,2 to 5 hours,0,no,yes,yes,no,yes,yes,yes,yes,4,2,4,1,1,4,0,100.0,14,15,15
STU-4140EDDD,Portuguese,1,<2 hours,0,no,no,no,no,yes,yes,yes,no,4,1,1,2,2,5,0,100.0,12,13,13
STU-461043E7,Portuguese,3,5 to 10 hours,0,no,yes,no,yes,yes,yes,yes,no,5,3,4,1,1,5,0,100.0,7,7,8
STU-22B7FA9B,Portuguese,3,5 to 10 hours,0,no,yes,no,no,yes,yes,yes,no,4,3,3,1,1,3,0,100.0,16,16,16
STU-52B3F146,Portuguese,4,>10 hours,0,no,yes,no,yes,no,yes,yes,no,5,2,2,1,2,5,0,100.0,18,18,18
STU-AC0A48D6,Portuguese,3,5 to 10 hours,1,no,no,no,yes,yes,yes,yes,yes,4,3,1,1,1,5,0,100.0,9,10,11
STU-71A1F5C2,Portuguese,1,<2 hours,2,no,no,no,yes,yes,yes,no,no,5,5,3,1,1,5,0,100.0,14,15,15
STU-E7D1A49D,Portuguese,2,2 to 5 hours,0,no,no,no,yes,yes,yes,no,yes,4,5,3,1,2,5,0,100.0,10,10,11
STU-F8277073,Portuguese,2,2 to 5 hours,0,yes,yes,no,no,no,yes,no,yes,3,4,4,1,2,5,2,97.85,10,10,11
STU-94E39F61,Portuguese,2,2 to 5 hours,0,no,yes,no,yes,yes,yes,yes,no,5,3,3,1,2,1,2,97.85,12,12,15
STU-05FD959E,Portuguese,2,2 to 5 hours,0,no,no,no,yes,yes,yes,yes,yes,4,2,1,1,1,3,2,97.85,11,12,14
STU-4FB07A05,Portuguese,1,<2 hours,0,no,no,no,yes,yes,yes,yes,no,4,4,4,1,1,5,2,97.85,15,16,17
STU-DD8DF6E2,Portuguese,3,5 to 10 hours,0,no,yes,no,yes,yes,yes,yes,yes,4,3,4,1,1,5,2,97.85,14,15,17
STU-734355E2,Portuguese,1,<2 hours,0,no,yes,no,no,yes,yes,yes,no,3,2,4,1,4,1,8,91.4,12,12,15
STU-AA3A7090,Portuguese,3,5 to 10 hours,0,no,yes,no,yes,no,yes,yes,no,4,3,4,2,5,5,2,97.85,15,15,17
STU-1474FDBD,Portuguese,2,2 to 5 hours,0,no,yes,no,no,yes,yes,yes,no,4,1,4,1,1,3,8,91.4,11,12,14
STU-E992517F,Portuguese,2,2 to 5 hours,0,no,yes,no,yes,yes,yes,yes,yes,5,4,4,1,1,1,9,90.32,11,10,10
STU-5B44A9D3,Portuguese,2,2 to 5 hours,0,no,yes,no,no,yes,yes,yes,no,4,4,4,3,3,5,0,100.0,12,11,13
STU-0320C003,Portuguese,1,<2 hours,0,no,yes,no,yes,yes,yes,yes,yes,5,4,4,1,1,1,4,95.7,11,12,14
STU-69307B4A,Portuguese,1,<2 hours,0,no,no,no,yes,yes,yes,yes,no,5,3,4,1,2,5,2,97.85,14,15,17
STU-DE2ACAEE,Portuguese,2,2 to 5 hours,0,no,yes,no,no,yes,yes,yes,yes,5,2,2,1,2,5,14,84.95,15,14,17
STU-C46B1609,Portuguese,2,2 to 5 hours,0,yes,yes,no,no,yes,yes,yes,no,5,3,3,1,1,5,0,100.0,12,12,13
STU-ED831F38,Portuguese,2,2 to 5 hours,0,no,no,no,yes,yes,yes,yes,no,4,2,3,2,2,2,2,97.85,11,12,14
STU-265C110E,Portuguese,1,<2 hours,0,no,yes,no,no,yes,yes,yes,no,4,2,5,3,4,5,2,97.85,8,9,11
STU-65703DF3,Portuguese,3,5 to 10 hours,0,no,no,no,yes,yes,no,no,yes,1,5,5,4,3,5,12,87.1,10,10,11
STU-A0976536,Portuguese,2,2 to 5 hours,2,no,yes,no,no,no,yes,yes,yes,5,3,4,1,1,4,2,97.85,8,8,9
STU-796A09C0,Portuguese,1,<2 hours,0,no,yes,no,yes,yes,yes,yes,yes,4,3,5,2,4,5,2,97.85,10,10,10
STU-5A229EF5,Portuguese,2,2 to 5 hours,0,no,yes,no,no,yes,yes,no,yes,4,2,2,1,1,3,4,95.7,14,13,13
STU-A8C0AD64,Portuguese,3,5 to 10 hours,0,no,yes,no,yes,yes,yes,yes,no,3,3,2,2,2,3,0,100.0,11,11,10
STU-99ED1429,Portuguese,3,5 to 10 hours,0,no,yes,no,no,no,yes,yes,no,3,4,3,2,3,5,0,100.0,17,18,17
STU-51385447,Portuguese,3,5 to 10 hours,0,no,no,no,no,yes,yes,yes,no,3,3,3,2,3,2,0,100.0,14,14,15
STU-3DB65053,Portuguese,3,5 to 10 hours,0,no,no,no,yes,yes,yes,yes,no,4,3,3,2,2,3,0,100.0,13,14,13
STU-4567FD41,Portuguese,1,<2 hours,0,no,no,no,yes,no,yes,yes,no,4,3,5,3,5,5,0,100.0,17,18,17
STU-01EB470B,Portuguese,1,<2 hours,0,no,yes,no,no,yes,yes,yes,no,4,4,5,5,5,4,2,97.85,11,10,10
STU-5D4FC8BB,Portuguese,3,5 to 10 hours,0,no,yes,no,no,no,yes,yes,yes,4,3,3,1,2,4,4,95.7,15,14,15
STU-0953A36D,Portuguese,1,<2 hours,0,no,yes,yes,yes,yes,yes,yes,no,4,2,5,2,5,5,2,97.85,11,12,11
STU-E8C83903,Portuguese,4,>10 hours,0,no,yes,yes,yes,yes,yes,yes,no,4,5,5,2,4,5,0,100.0,11,11,12
STU-B41C341C,Portuguese,1,<2 hours,0,no,yes,no,no,no,yes,no,yes,5,3,4,2,2,5,0,100.0,11,10,10
STU-DF76F2BF,Portuguese,2,2 to 5 hours,0,no,no,no,yes,yes,yes,no,yes,4,2,5,1,1,2,2,97.85,10,9,10
STU-DF3DFD1C,Portuguese,3,5 to 10 hours,0,no,yes,no,no,yes,yes,yes,yes,4,4,3,1,1,5,0,100.0,15,15,15
STU-45E8C5A5,Portuguese,1,<2 hours,0,no,no,no,no,no,yes,yes,no,5,4,2,1,2,5,6,93.55,15,14,15
STU-CFE96450,Portuguese,2,2 to 5 hours,0,no,no,no,yes,yes,yes,yes,no,5,3,4,1,1,4,8,91.4,10,11,12
STU-6EDD3247,Portuguese,2,2 to 5 hours,0,no,no,no,yes,no,yes,yes,yes,4,3,3,1,1,2,0,100.0,10,9,12
STU-2DDFB354,Portuguese,4,>10 hours,0,no,no,no,yes,yes,yes,no,no,4,4,4,1,1,4,6,93.55,14,13,14
STU-904B8855,Portuguese,3,5 to 10 hours,0,no,no,no,no,yes,yes,yes,no,4,4,5,1,3,5,8,91.4,11,13,14
STU-32AC7410,Portuguese,2,2 to 5 hours,0,no,yes,no,no,yes,yes,yes,yes,4,3,2,2,3,2,0,100.0,12,13,15
STU-0638F977,Portuguese,4,>10 hours,0,no,yes,no,no,yes,yes,yes,no,5,3,3,1,1,1,4,95.7,14,14,15
STU-6DF9BB94,Portuguese,2,2 to 5 hours,0,no,yes,no,no,yes,yes,yes,no,4,3,3,2,3,2,0,100.0,14,14,16
STU-CD81E3F8,Portuguese,2,2 to 5 hours,0,no,no,no,yes,yes,yes,yes,yes,4,3,3,1,3,5,6,93.55,16,16,17
STU-21DAB688,Portuguese,2,2 to 5 hours,0,no,yes,no,no,yes,yes,yes,yes,3,3,1,1,2,4,18,80.65,10,12,14
STU-732F6983,Portuguese,3,5 to 10 hours,0,no,yes,no,no,yes,yes,yes,no,4,3,3,1,2,3,0,100.0,11,12,14
STU-70C171D3,Portuguese,3,5 to 10 hours,0,no,no,no,no,yes,yes,yes,yes,5,4,3,2,3,1,4,95.7,14,16,17
STU-3F9ADA08,Portuguese,3,5 to 10 hours,0,no,no,no,no,yes,yes,yes,yes,5,3,2,1,2,4,4,95.7,15,14,17
STU-51027C17,Portuguese,3,5 to 10 hours,0,no,yes,no,no,yes,yes,yes,yes,5,4,5,2,3,5,0,100.0,14,13,14
STU-18F11CAF,Portuguese,3,5 to 10 hours,0,no,yes,no,yes,yes,yes,yes,yes,4,4,3,1,3,4,0,100.0,11,12,13
STU-018130B7,Portuguese,2,2 to 5 hours,0,no,yes,no,yes,yes,yes,yes,yes,4,3,4,2,2,1,10,89.25,12,15,15
STU-56BC7B44,Portuguese,2,2 to 5 hours,0,no,yes,no,yes,yes,yes,yes,no,4,3,5,2,4,4,4,95.7,12,16,16
STU-444618D6,Portuguese,1,<2 hours,1,no,no,no,no,yes,no,yes,no,2,2,3,3,4,5,16,82.8,10,11,11
STU-4AABC67D,Portuguese,1,<2 hours,1,no,yes,yes,no,yes,yes,yes,yes,4,1,2,1,1,3,6,93.55,10,13,13
STU-F7289B8A,Portuguese,3,5 to 10 hours,2,no,no,yes,yes,yes,yes,yes,no,3,3,2,1,1,5,0,100.0,9,12,12
STU-EB0FB275,Portuguese,2,2 to 5 hours,0,no,yes,no,yes,no,no,yes,no,4,4,4,1,3,3,11,88.17,9,11,12
STU-8EDE5BB6,Portuguese,2,2 to 5 hours,0,no,no,no,yes,yes,yes,yes,yes,4,3,5,1,4,2,9,90.32,13,14,15
STU-779DE84C,Portuguese,2,2 to 5 hours,0,no,yes,no,yes,yes,yes,yes,no,4,3,4,1,3,4,0,100.0,13,17,17
STU-35378DB8,Portuguese,3,5 to 10 hours,0,no,yes,no,no,yes,yes,yes,no,4,4,2,1,2,4,2,97.85,12,15,15
STU-B7E2FA44,Portuguese,2,2 to 5 hours,0,no,yes,no,yes,yes,yes,yes,no,4,2,2,1,1,3,0,100.0,14,17,17
STU-D0168012,Portuguese,2,2 to 5 hours,2,no,yes,no,yes,yes,no,yes,yes,5,3,3,5,2,4,21,77.42,9,10,10
STU-729F0FE8,Portuguese,3,5 to 10 hours,0,no,no,no,no,yes,yes,yes,yes,3,2,2,1,3,3,8,91.4,11,15,15
STU-B7A13DE6,Portuguese,1,<2 hours,1,no,yes,no,no,yes,yes,yes,yes,3,2,5,4,4,5,5,94.62,9,10,11
STU-6BB212A4,Portuguese,2,2 to 5 hours,0,no,yes,no,no,yes,yes,yes,no,4,4,4,1,2,5,10,89.25,16,18,18
STU-6B2A4A12,Portuguese,3,5 to 10 hours,0,no,yes,no,no,yes,yes,yes,yes,4,3,4,1,2,2,5,94.62,14,17,17
STU-EB8FDD92,Portuguese,1,<2 hours,0,no,no,no,no,yes,yes,yes,no,3,1,3,4,5,4,13,86.02,13,14,14
STU-DBAFA35C,Portuguese,1,<2 hours,0,no,no,no,no,yes,yes,yes,no,5,3,4,1,4,4,10,89.25,7,11,11
STU-CF21692E,Portuguese,2,2 to 5 hours,0,no,yes,no,no,yes,yes,yes,no,4,1,4,1,3,4,10,89.25,14,17,17
STU-E68AA01E,Portuguese,1,<2 hours,1,yes,no,no,no,yes,yes,yes,yes,5,3,1,1,1,5,5,94.62,8,10,10
STU-BA407181,Portuguese,2,2 to 5 hours,0,no,yes,no,yes,no,yes,yes,yes,3,1,2,1,2,1,4,95.7,10,13,13
STU-3D74E024,Portuguese,1,<2 hours,0,no,yes,no,no,yes,no,yes,yes,4,3,3,1,3,5,11,88.17,10,11,11
STU-B9F6153F,Portuguese,2,2 to 5 hours,0,no,yes,no,yes,yes,yes,yes,no,4,4,4,1,1,5,0,100.0,12,12,12
STU-B994B8F8,Portuguese,1,<2 hours,1,no,yes,no,no,yes,yes,no,yes,4,1,3,1,1,2,6,93.55,10,10,10
STU-D584C567,Portuguese,1,<2 hours,0,no,yes,no,no,yes,yes,yes,no,5,4,4,2,3,5,4,95.7,10,10,11
STU-2EFC7C13,Portuguese,2,2 to 5 hours,0,no,no,no,no,yes,yes,no,no,4,5,2,1,2,5,0,100.0,16,17,17
STU-CA6DB392,Portuguese,1,<2 hours,0,no,no,no,no,yes,no,no,no,1,3,4,1,1,1,0,100.0,6,8,9
STU-0D29ACE6,Portuguese,2,2 to 5 hours,0,no,yes,no,no,yes,yes,no,no,5,3,2,1,3,2,5,94.62,10,11,11
STU-EF9CE1E9,Portuguese,3,5 to 10 hours,0,yes,no,no,no,yes,yes,yes,no,4,4,3,1,1,5,0,100.0,10,11,11
STU-C7925316,Portuguese,2,2 to 5 hours,1,no,no,no,no,yes,yes,no,yes,4,5,4,1,2,5,0,100.0,10,10,10
STU-B873EF38,Portuguese,1,<2 hours,1,no,yes,no,no,no,no,yes,no,5,4,4,2,2,5,0,100.0,6,6,7
STU-8FDA26FD,Portuguese,1,<2 hours,0,no,no,no,no,yes,yes,yes,yes,1,5,1,3,5,5,0,100.0,13,14,14
STU-B6595762,Portuguese,4,>10 hours,0,no,no,no,yes,no,no,no,yes,1,2,1,1,1,1,4,95.7,10,9,11
STU-85CB0B70,Portuguese,2,2 to 5 hours,0,no,yes,no,no,yes,yes,yes,no,5,4,3,1,2,4,0,100.0,10,10,10
STU-9D5086D0,Portuguese,1,<2 hours,1,no,yes,no,no,yes,yes,yes,yes,4,4,3,1,2,2,4,95.7,6,7,8
STU-24817F4F,Portuguese,1,<2 hours,0,no,yes,no,yes,yes,yes,no,no,3,2,3,1,2,2,0,100.0,12,11,12
STU-0138C512,Portuguese,1,<2 hours,0,no,yes,no,no,yes,yes,yes,no,5,5,5,1,3,3,2,97.85,10,11,12
STU-7C076817,Portuguese,1,<2 hours,0,no,no,no,no,no,yes,yes,no,4,1,3,1,1,4,0,100.0,14,16,16
STU-E7EEA036,Portuguese,2,2 to 5 hours,0,no,yes,no,yes,yes,yes,no,yes,5,4,5,4,5,3,0,100.0,7,0,0
STU-436FB92E,Portuguese,2,2 to 5 hours,0,no,no,yes,no,no,yes,yes,no,4,4,3,2,4,5,4,95.7,8,9,9
STU-AC17C12B,Portuguese,2,2 to 5 hours,0,no,yes,no,yes,yes,yes,yes,no,5,3,4,1,2,2,0,100.0,12,13,14
STU-1843ACC9,Portuguese,2,2 to 5 hours,0,no,no,no,no,no,yes,no,no,3,4,5,1,2,5,4,95.7,9,10,11
STU-D7E269E2,Portuguese,2,2 to 5 hours,0,no,yes,no,yes,yes,yes,no,yes,5,4,5,2,4,4,8,91.4,7,9,9
STU-2FC18DC6,Portuguese,2,2 to 5 hours,0,no,yes,no,yes,yes,yes,yes,no,5,3,3,1,1,5,0,100.0,11,11,11
STU-447A2FD5,Portuguese,1,<2 hours,0,no,no,no,yes,yes,no,no,yes,5,5,5,5,5,3,8,91.4,8,10,9
STU-9324F5A8,Portuguese,3,5 to 10 hours,0,no,no,no,yes,yes,yes,yes,yes,4,2,2,1,1,4,6,93.55,16,16,17
STU-3F252A0B,Portuguese,1,<2 hours,0,no,no,no,no,yes,yes,no,no,5,1,2,1,1,1,3,96.77,11,13,13
STU-EB871326,Portuguese,2,2 to 5 hours,0,no,yes,no,no,yes,yes,yes,no,4,5,4,1,2,1,2,97.85,15,15,15
STU-157F0787,Portuguese,2,2 to 5 hours,0,no,no,no,no,yes,yes,no,no,4,3,3,1,1,5,0,100.0,10,11,11
STU-CDFC84CC,Portuguese,3,5 to 10 hours,1,no,yes,no,no,yes,yes,no,no,1,3,2,1,2,4,0,100.0,10,8,8
STU-8549017C,Portuguese,2,2 to 5 hours,0,yes,yes,no,no,no,yes,yes,no,4,4,2,3,3,2,0,100.0,9,10,9
STU-BE625528,Portuguese,2,2 to 5 hours,0,no,yes,no,no,no,yes,no,yes,5,4,3,2,1,2,0,100.0,13,14,15
STU-76521A69,Portuguese,1,<2 hours,0,no,yes,no,yes,yes,yes,yes,no,5,5,5,5,5,3,4,95.7,10,11,11
STU-C22EBB74,Portuguese,4,>10 hours,0,no,yes,no,no,no,yes,yes,no,4,3,2,1,1,1,0,100.0,13,10,13
STU-7DBAAD61,Portuguese,3,5 to 10 hours,0,yes,yes,no,no,yes,yes,no,no,4,4,3,1,1,5,2,97.85,10,9,10
STU-2EE22B8A,Portuguese,2,2 to 5 hours,0,no,yes,no,yes,yes,yes,yes,no,4,3,3,1,1,2,1,98.92,11,10,11
STU-B36D67C7,Portuguese,1,<2 hours,0,no,no,no,yes,yes,yes,yes,yes,4,2,2,4,3,2,0,100.0,13,12,14
STU-7BE533FA,Portuguese,2,2 to 5 hours,0,no,yes,no,no,yes,yes,no,no,4,2,1,1,2,2,0,100.0,13,14,14
STU-81FA5228,Portuguese,3,5 to 10 hours,0,yes,yes,no,no,yes,yes,no,no,4,4,3,2,2,5,2,97.85,14,11,12
STU-E1DC7CDD,Portuguese,1,<2 hours,0,no,no,no,yes,yes,yes,no,no,3,4,4,3,4,5,6,93.55,11,11,11
STU-03CF678A,Portuguese,2,2 to 5 hours,1,no,yes,no,yes,yes,yes,yes,yes,3,4,4,2,3,5,9,90.32,9,8,8
STU-E934E2BE,Portuguese,1,<2 hours,0,no,yes,no,no,yes,yes,no,no,3,2,3,1,3,4,0,100.0,10,9,11
STU-8160969F,Portuguese,2,2 to 5 hours,0,no,yes,no,yes,yes,yes,yes,no,5,3,4,1,1,2,1,98.92,14,13,14
STU-1DC34200,Portuguese,1,<2 hours,0,no,no,no,no,yes,yes,no,no,4,3,3,1,2,4,1,98.92,13,12,13
STU-0209E917,Portuguese,2,2 to 5 hours,0,no,yes,no,yes,yes,yes,no,yes,4,3,1,1,1,3,0,100.0,13,12,13
STU-3571D449,Portuguese,2,2 to 5 hours,0,no,yes,no,no,yes,yes,yes,yes,4,5,4,1,1,1,4,95.7,13,12,12
STU-FAFE17A5,Portuguese,2,2 to 5 hours,1,no,yes,no,yes,no,yes,no,no,4,4,4,2,3,5,2,97.85,12,11,12
STU-79E49F84,Portuguese,1,<2 hours,0,no,yes,no,yes,yes,yes,no,yes,4,3,2,1,1,4,0,100.0,14,14,16
STU-9219CB18,Portuguese,1,<2 hours,0,no,yes,no,yes,yes,yes,yes,no,2,4,3,2,3,4,4,95.7,10,8,10
STU-62B79FAE,Portuguese,1,<2 hours,0,no,yes,no,yes,yes,yes,yes,no,4,2,4,3,5,3,2,97.85,10,11,11
STU-9BBCFDB0,Portuguese,3,5 to 10 hours,0,no,yes,no,yes,yes,yes,no,no,5,3,2,1,1,4,0,100.0,12,13,14
STU-4514A1B9,Portuguese,1,<2 hours,0,no,yes,no,no,yes,yes,yes,yes,5,4,3,1,1,5,2,97.85,10,8,8
STU-D20414C0,Portuguese,1,<2 hours,0,no,yes,no,yes,no,yes,yes,no,4,3,3,2,4,3,11,88.17,12,10,11
STU-0D566072,Portuguese,2,2 to 5 hours,3,yes,yes,no,no,yes,yes,no,no,3,4,3,1,1,1,0,100.0,7,7,8
STU-78EF6D94,Portuguese,1,<2 hours,0,no,yes,no,yes,yes,no,no,no,4,5,3,1,1,5,4,95.7,9,9,10
STU-E93A2B85,Portuguese,1,<2 hours,1,no,no,no,no,yes,no,yes,yes,4,4,4,1,1,2,0,100.0,9,9,10
STU-6C286211,Portuguese,1,<2 hours,0,no,yes,no,yes,yes,no,no,yes,5,5,3,1,1,3,2,97.85,9,10,11
STU-4D200D13,Portuguese,1,<2 hours,0,no,yes,no,no,yes,no,no,yes,5,2,1,1,3,4,0,100.0,9,10,9
STU-5F670B53,Portuguese,1,<2 hours,0,no,yes,no,no,yes,no,no,no,4,3,4,1,2,1,6,93.55,7,7,8
STU-5D9072D7,Portuguese,2,2 to 5 hours,0,no,yes,no,no,yes,yes,yes,no,4,3,5,1,2,4,0,100.0,11,10,11
STU-BDA4BEC1,Portuguese,1,<2 hours,1,no,yes,yes,yes,no,yes,yes,no,4,4,3,1,4,3,1,98.92,9,10,10
STU-580CE59D,Portuguese,3,5 to 10 hours,2,no,yes,no,no,no,no,no,yes,3,3,2,1,1,2,6,93.55,7,9,10
STU-E42AF51B,Portuguese,3,5 to 10 hours,1,no,no,no,yes,yes,no,no,yes,5,3,1,1,1,3,6,93.55,7,9,9
STU-7EEFAF9D,Portuguese,1,<2 hours,1,no,no,no,yes,yes,no,yes,no,4,4,3,3,4,4,0,100.0,8,9,10
STU-DAA46F94,Portuguese,1,<2 hours,1,no,no,no,no,no,no,yes,yes,3,2,3,1,1,2,4,95.7,9,11,10
STU-A9E6CB46,Portuguese,2,2 to 5 hours,1,no,yes,no,no,yes,yes,yes,yes,1,1,4,4,1,1,12,87.1,7,8,9
STU-BBE60AC9,Portuguese,2,2 to 5 hours,0,no,no,no,no,no,yes,no,yes,3,3,2,1,1,3,2,97.85,8,10,10
STU-D9DFF858,Portuguese,1,<2 hours,0,no,no,no,yes,no,yes,no,no,2,4,4,3,5,5,5,94.62,9,9,10
STU-82AFF7BA,Portuguese,2,2 to 5 hours,0,no,no,no,yes,yes,no,yes,no,4,4,5,1,3,3,0,100.0,8,9,9
STU-68C738CA,Portuguese,1,<2 hours,0,no,no,no,yes,yes,no,yes,yes,4,5,4,1,1,4,0,100.0,14,13,13
STU-34F6B20D,Portuguese,1,<2 hours,0,no,yes,no,yes,yes,yes,yes,yes,4,4,4,2,2,4,2,97.85,14,14,14
STU-DB2F25A3,Portuguese,4,>10 hours,1,no,yes,yes,yes,yes,yes,no,no,5,4,5,3,4,5,0,100.0,10,11,10
STU-B9DED09A,Portuguese,2,2 to 5 hours,0,no,yes,no,yes,yes,yes,yes,no,5,3,3,1,1,1,0,100.0,14,13,14
STU-64DF58A0,Portuguese,1,<2 hours,0,no,yes,yes,yes,yes,yes,no,yes,4,2,5,1,2,5,0,100.0,17,16,16
STU-16B51A22,Portuguese,1,<2 hours,1,no,yes,no,yes,yes,no,yes,yes,5,3,5,5,5,1,12,87.1,6,7,7
STU-7CFBF951,Portuguese,1,<2 hours,0,no,no,no,yes,yes,yes,yes,no,4,2,5,1,5,5,8,91.4,14,12,13
STU-AE51895D,Portuguese,4,>10 hours,1,no,yes,no,no,yes,yes,no,no,1,3,5,3,5,3,2,97.85,10,8,9
STU-9EEF833D,Portuguese,4,>10 hours,0,yes,yes,no,yes,yes,yes,yes,no,2,2,1,1,1,5,0,100.0,14,14,14
STU-268B85CE,Portuguese,3,5 to 10 hours,0,no,no,no,no,yes,yes,yes,yes,5,4,5,1,1,1,0,100.0,12,13,13
STU-250663B9,Portuguese,1,<2 hours,0,no,yes,no,yes,no,yes,yes,yes,4,4,5,1,2,5,0,100.0,11,11,11
STU-812E7002,Portuguese,2,2 to 5 hours,1,no,no,no,yes,yes,yes,yes,yes,3,3,4,2,4,3,8,91.4,11,9,10
STU-DFCB0802,Portuguese,3,5 to 10 hours,0,no,yes,no,no,yes,yes,no,yes,4,3,3,1,1,3,0,100.0,11,11,10
STU-15058A7B,Portuguese,1,<2 hours,1,no,yes,no,no,no,yes,yes,no,4,4,5,1,2,5,0,100.0,10,9,9
STU-640F0E5A,Portuguese,2,2 to 5 hours,0,no,yes,no,no,yes,yes,no,no,5,3,2,1,1,1,0,100.0,16,17,18
STU-28887303,Portuguese,2,2 to 5 hours,0,no,yes,no,yes,yes,yes,no,no,5,3,2,1,1,1,0,100.0,15,17,17
STU-19F7B23F,Portuguese,2,2 to 5 hours,0,no,no,no,no,yes,yes,yes,yes,4,4,5,1,1,4,1,98.92,11,9,10
STU-B1BF1E1F,Portuguese,2,2 to 5 hours,1,no,yes,no,no,yes,yes,yes,yes,4,3,2,1,1,5,9,90.32,7,7,7
STU-ACEA39F2,Portuguese,1,<2 hours,0,no,no,no,yes,yes,yes,yes,no,3,1,3,1,3,1,0,100.0,8,6,8
STU-30DBE9A6,Portuguese,1,<2 hours,0,no,no,no,no,yes,yes,yes,no,3,1,3,1,4,3,2,97.85,7,6,7
STU-1F3D2C70,Portuguese,2,2 to 5 hours,0,yes,no,no,no,yes,yes,no,no,2,3,5,1,4,3,8,91.4,9,8,10
STU-04EED6FE,Portuguese,2,2 to 5 hours,0,no,no,no,yes,no,yes,yes,yes,4,3,3,2,3,2,0,100.0,14,16,16
STU-C86E0A3A,Portuguese,1,<2 hours,0,no,no,no,yes,yes,yes,yes,no,5,4,5,1,4,2,0,100.0,14,14,15
STU-535B04CA,Portuguese,2,2 to 5 hours,1,no,yes,no,no,yes,yes,yes,no,2,3,2,1,3,1,8,91.4,8,5,8
STU-B47C2670,Portuguese,2,2 to 5 hours,0,no,no,no,yes,yes,yes,yes,no,5,2,1,1,1,2,0,100.0,8,7,0
STU-AAF0E6C1,Portuguese,2,2 to 5 hours,0,no,yes,no,no,yes,yes,yes,no,4,3,2,1,3,5,6,93.55,6,8,8
STU-02EAF67D,Portuguese,2,2 to 5 hours,0,no,yes,no,yes,yes,yes,yes,no,3,3,3,1,1,2,0,100.0,8,10,10
STU-274DFEB7,Portuguese,2,2 to 5 hours,0,no,yes,no,no,yes,yes,yes,yes,4,3,4,1,2,3,4,95.7,8,8,8
STU-87DF454F,Portuguese,4,>10 hours,0,no,yes,no,yes,yes,no,yes,yes,5,5,5,5,5,5,2,97.85,5,6,6
STU-AEFA37D8,Portuguese,2,2 to 5 hours,0,no,yes,no,no,no,yes,no,no,4,2,1,1,1,2,2,97.85,7,9,8
STU-6398DE35,Portuguese,3,5 to 10 hours,0,no,yes,no,no,yes,yes,yes,no,4,4,3,1,2,5,0,100.0,15,14,16
STU-92C4B18E,Portuguese,1,<2 hours,0,no,no,no,no,yes,yes,yes,yes,4,2,3,1,2,5,1,98.92,13,14,14
STU-34BAAB81,Portuguese,3,5 to 10 hours,0,no,no,no,no,yes,yes,no,no,5,1,3,2,2,3,0,100.0,10,9,10
STU-E705E896,Portuguese,1,<2 hours,0,no,yes,yes,no,yes,yes,yes,no,5,1,3,1,2,5,5,94.62,9,9,9
STU-CF91ABC8,Portuguese,1,<2 hours,0,no,yes,no,no,yes,yes,no,no,5,1,3,1,2,5,1,98.92,11,11,11
STU-C339223C,Portuguese,1,<2 hours,0,no,yes,no,yes,yes,yes,yes,no,4,1,4,5,5,3,8,91.4,7,10,9
STU-F58FE4FC,Portuguese,2,2 to 5 hours,0,no,no,no,no,yes,yes,yes,yes,5,1,3,3,3,1,0,100.0,10,10,10
STU-3F44C94B,Portuguese,2,2 to 5 hours,0,no,no,no,no,no,yes,yes,yes,4,2,2,1,4,5,2,97.85,9,7,8
STU-0ED8FF15,Portuguese,2,2 to 5 hours,0,no,no,no,no,yes,yes,yes,yes,3,2,2,1,1,3,0,100.0,14,15,16
STU-1A1B22A5,Portuguese,1,<2 hours,0,no,yes,no,no,yes,yes,yes,no,4,1,2,2,5,5,0,100.0,11,12,12
STU-C1D171B9,Portuguese,2,2 to 5 hours,0,no,yes,no,yes,yes,yes,no,no,5,5,5,1,3,5,11,88.17,9,11,10
STU-5DE1A056,Portuguese,4,>10 hours,0,no,yes,no,yes,yes,yes,no,no,5,4,5,2,3,5,8,91.4,13,14,14
STU-EFE40CED,Portuguese,1,<2 hours,0,no,no,no,yes,yes,yes,yes,no,4,3,3,1,2,5,11,88.17,12,13,12
STU-F492E836,Portuguese,3,5 to 10 hours,0,no,yes,no,no,no,yes,no,yes,4,3,3,2,2,5,2,97.85,11,11,11
STU-09444AC0,Portuguese,2,2 to 5 hours,0,no,yes,no,yes,yes,yes,yes,no,1,2,4,2,2,1,8,91.4,9,10,10
STU-9FEF2670,Portuguese,1,<2 hours,0,no,no,no,no,yes,yes,no,yes,4,3,3,2,2,1,5,94.62,9,11,11
STU-60B96BEA,Portuguese,2,2 to 5 hours,0,yes,no,yes,no,yes,yes,no,no,5,1,3,1,1,5,0,100.0,11,9,11
STU-A3548CD3,Portuguese,3,5 to 10 hours,0,no,yes,no,no,yes,yes,yes,yes,5,3,5,1,4,5,1,98.92,10,11,12
STU-B4551B6B,Portuguese,1,<2 hours,3,no,no,no,yes,yes,yes,yes,yes,3,3,3,1,3,5,2,97.85,9,9,8
STU-8071193F,Portuguese,1,<2 hours,0,no,no,no,yes,yes,yes,no,yes,5,1,2,3,3,5,2,97.85,12,11,12
STU-6763F4BA,Portuguese,2,2 to 5 hours,1,no,yes,no,yes,no,yes,yes,yes,5,4,4,3,4,5,8,91.4,8,9,8
STU-AA98CDC3,Portuguese,2,2 to 5 hours,0,no,yes,no,no,yes,yes,yes,no,5,2,5,1,1,5,0,100.0,13,15,16
STU-84F84FC1,Portuguese,1,<2 hours,0,no,no,no,no,yes,yes,yes,no,4,1,2,2,1,2,0,100.0,10,11,11
STU-4467A8AC,Portuguese,2,2 to 5 hours,0,no,no,no,yes,yes,yes,yes,yes,4,5,5,1,2,3,2,97.85,11,10,11
STU-97C36D85,Portuguese,2,2 to 5 hours,0,yes,yes,no,no,no,yes,yes,no,4,3,3,2,3,5,0,100.0,17,18,18
STU-1CEEE517,Portuguese,2,2 to 5 hours,0,no,yes,no,no,no,yes,yes,yes,4,1,2,2,2,5,0,100.0,12,13,13
STU-4FBD7927,Portuguese,2,2 to 5 hours,0,no,yes,yes,no,yes,yes,yes,no,4,1,2,2,2,1,0,100.0,13,14,13
STU-7FF83C1B,Portuguese,2,2 to 5 hours,2,no,yes,no,yes,yes,no,yes,no,4,4,3,3,4,4,2,97.85,9,9,10
STU-D3E0EA2C,Portuguese,1,<2 hours,0,no,no,no,no,yes,yes,no,yes,4,1,2,1,1,5,4,95.7,11,11,12
STU-1D868300,Portuguese,1,<2 hours,0,no,yes,no,yes,yes,no,yes,yes,3,5,5,2,2,4,3,96.77,10,11,10
STU-847F9AC4,Portuguese,3,5 to 10 hours,0,yes,yes,no,no,no,yes,yes,yes,4,3,4,1,1,3,5,94.62,13,14,13
STU-7AB450F2,Portuguese,1,<2 hours,0,no,no,no,no,yes,yes,no,no,4,4,4,2,4,5,4,95.7,9,10,11
STU-AEF028CF,Portuguese,2,2 to 5 hours,3,no,yes,no,yes,no,yes,yes,yes,5,4,4,1,1,5,2,97.85,7,9,10
STU-F4C32F36,Portuguese,1,<2 hours,0,no,no,no,yes,yes,no,no,yes,5,5,5,3,5,5,0,100.0,8,13,10
STU-C21AB088,Portuguese,1,<2 hours,1,yes,yes,no,no,yes,yes,no,no,4,3,2,1,1,4,0,100.0,12,12,13
STU-A5B64220,Portuguese,1,<2 hours,0,no,yes,no,yes,no,yes,yes,yes,4,5,5,1,3,2,0,100.0,10,9,10
STU-23DBAE70,Portuguese,2,2 to 5 hours,0,no,yes,no,yes,yes,yes,no,no,4,3,3,1,4,5,6,93.55,10,9,10
STU-854F9550,Portuguese,2,2 to 5 hours,0,no,no,no,yes,yes,yes,no,yes,5,4,3,1,1,1,0,100.0,11,13,12
STU-9E67A8BE,Portuguese,1,<2 hours,1,no,no,no,yes,yes,yes,no,yes,1,2,1,2,3,5,0,100.0,7,0,0
STU-3C629DC8,Portuguese,1,<2 hours,0,no,no,no,no,yes,yes,yes,no,4,5,5,2,3,5,2,97.85,11,9,10
STU-9C432817,Portuguese,1,<2 hours,0,no,no,no,yes,yes,yes,yes,no,4,5,5,2,4,5,0,100.0,10,10,9
STU-5C5D7991,Portuguese,1,<2 hours,1,no,yes,no,no,yes,no,yes,yes,5,3,3,2,3,5,2,97.85,9,7,9
STU-5313A3E8,Portuguese,1,<2 hours,1,no,no,no,no,yes,no,yes,no,2,3,1,2,2,5,0,100.0,4,0,0
STU-9747277A,Portuguese,1,<2 hours,3,no,no,no,yes,yes,yes,no,no,3,2,1,1,1,3,4,95.7,6,11,9
STU-05D87EBE,Portuguese,2,2 to 5 hours,2,no,yes,no,yes,yes,no,yes,no,4,4,5,1,3,3,9,90.32,4,8,8
STU-053D05C3,Portuguese,1,<2 hours,0,no,yes,no,yes,yes,yes,yes,yes,5,4,3,2,4,4,6,93.55,7,8,8
STU-1CA4436A,Portuguese,1,<2 hours,3,no,no,no,yes,no,no,yes,yes,4,4,3,1,3,5,4,95.7,8,9,9
STU-5E2B4E67,Portuguese,2,2 to 5 hours,2,no,yes,no,yes,yes,yes,no,yes,2,5,5,1,1,1,8,91.4,5,5,7
STU-77BC2052,Portuguese,1,<2 hours,0,no,yes,no,yes,yes,yes,no,no,4,3,2,1,2,5,9,90.32,7,9,10
STU-784F5418,Portuguese,1,<2 hours,1,no,yes,no,no,yes,no,yes,yes,4,4,3,2,4,4,12,87.1,8,11,10
STU-80AB0632,Portuguese,1,<2 hours,0,no,yes,no,no,yes,yes,yes,no,5,4,4,3,4,2,8,91.4,10,11,10
STU-0686CB8F,Portuguese,1,<2 hours,0,no,yes,no,no,no,yes,yes,no,2,5,5,5,5,5,8,91.4,9,10,11
STU-9F297993,Portuguese,2,2 to 5 hours,1,no,no,no,no,yes,yes,yes,no,5,4,4,3,3,2,8,91.4,10,9,11
STU-84F79B9A,Portuguese,2,2 to 5 hours,1,no,yes,no,no,yes,yes,yes,no,4,5,4,2,3,3,4,95.7,8,9,10
STU-B10FDE2C,Portuguese,1,<2 hours,0,no,no,no,no,yes,no,yes,yes,4,3,3,2,3,3,0,100.0,9,10,9
STU-D3220DD4,Portuguese,1,<2 hours,1,no,yes,no,no,yes,yes,yes,no,4,4,4,3,3,5,4,95.7,8,9,10
STU-7CDB5286,Portuguese,2,2 to 5 hours,2,no,yes,no,no,yes,yes,no,no,4,3,3,1,1,5,2,97.85,6,8,8
STU-9A93F702,Portuguese,1,<2 hours,0,no,yes,no,no,yes,no,no,no,1,4,4,1,1,5,0,100.0,6,8,7
STU-5861B90C,Portuguese,1,<2 hours,1,no,no,no,no,yes,no,yes,yes,5,5,5,1,1,3,0,100.0,8,6,0
STU-EE89839B,Portuguese,1,<2 hours,0,no,yes,no,no,yes,yes,yes,no,4,4,3,1,1,5,0,100.0,10,11,11
STU-9581BFE7,Portuguese,3,5 to 10 hours,0,no,yes,yes,no,yes,no,no,no,4,2,3,2,2,3,5,94.62,8,7,8
STU-351B6849,Portuguese,2,2 to 5 hours,0,yes,yes,no,yes,yes,yes,yes,no,5,5,5,1,3,5,0,100.0,8,8,0
STU-3667B78F,Portuguese,2,2 to 5 hours,1,no,yes,no,yes,yes,yes,yes,no,2,3,3,1,2,4,3,96.77,7,6,8
STU-0AA71C46,Portuguese,1,<2 hours,0,no,yes,no,no,yes,yes,no,yes,3,2,2,1,1,5,0,100.0,8,10,9
STU-DE9BC1EC,Portuguese,1,<2 hours,0,no,no,no,no,yes,yes,yes,no,5,5,1,1,1,3,0,100.0,7,10,10
STU-68A811B9,Portuguese,2,2 to 5 hours,2,no,no,no,yes,yes,yes,no,yes,3,4,4,2,2,5,3,96.77,7,8,7
STU-043B6EBC,Portuguese,2,2 to 5 hours,0,no,no,no,yes,no,yes,yes,no,4,3,5,1,1,1,2,97.85,12,13,14
STU-5897478C,Portuguese,1,<2 hours,0,no,yes,no,no,yes,yes,yes,no,4,4,3,1,1,4,0,100.0,11,12,13
STU-9C32EEB7,Portuguese,2,2 to 5 hours,0,no,no,no,no,yes,yes,yes,no,4,4,3,1,2,4,0,100.0,12,13,14
STU-10A807B6,Portuguese,2,2 to 5 hours,0,no,no,no,yes,no,yes,yes,no,4,3,5,1,2,1,0,100.0,18,18,18
STU-0EA9DAA0,Portuguese,1,<2 hours,0,no,yes,no,yes,yes,yes,yes,no,5,4,5,1,1,5,3,96.77,17,17,17
STU-28EA8C2E,Portuguese,2,2 to 5 hours,0,no,yes,no,no,yes,yes,yes,no,4,3,3,1,2,4,0,100.0,17,18,18
STU-6E3FC053,Portuguese,2,2 to 5 hours,1,no,no,no,yes,yes,yes,no,yes,4,3,3,1,1,4,0,100.0,9,0,0
STU-CC9A0529,Portuguese,1,<2 hours,0,no,yes,no,no,no,yes,no,no,4,1,4,5,5,1,8,91.4,10,11,11
STU-FCAFCAB9,Portuguese,1,<2 hours,0,no,yes,yes,yes,yes,yes,yes,yes,2,5,5,1,1,1,5,94.62,12,13,14
STU-997231E8,Portuguese,1,<2 hours,0,no,no,no,no,no,no,no,no,4,2,3,3,4,4,4,95.7,12,13,14
STU-F8B506FB,Portuguese,2,2 to 5 hours,0,no,yes,no,no,no,yes,yes,yes,1,3,1,1,1,2,4,95.7,8,8,10
STU-24D831E2,Portuguese,3,5 to 10 hours,0,no,no,no,no,yes,yes,yes,yes,5,4,5,1,4,3,0,100.0,11,12,13
STU-5573914D,Portuguese,2,2 to 5 hours,0,no,no,no,yes,yes,yes,yes,yes,5,3,1,1,1,5,0,100.0,5,0,0
STU-4535D2BE,Portuguese,2,2 to 5 hours,1,no,no,no,no,yes,no,no,no,4,4,2,1,2,2,2,97.85,9,10,10
STU-12458BB7,Portuguese,1,<2 hours,1,no,no,no,no,yes,no,no,no,5,5,5,2,3,2,0,100.0,5,0,0
STU-1402D3DD,Portuguese,4,>10 hours,0,no,no,no,no,yes,yes,yes,yes,4,2,3,3,1,5,0,100.0,18,18,18
STU-38F4ECAE,Portuguese,2,2 to 5 hours,0,no,no,no,yes,yes,yes,yes,yes,5,3,3,1,2,2,5,94.62,11,11,12
STU-A2A9BEBF,Portuguese,2,2 to 5 hours,0,no,no,no,no,yes,yes,no,yes,5,2,3,1,2,3,2,97.85,8,10,11
STU-FDBFB6A3,Portuguese,2,2 to 5 hours,0,no,yes,no,no,yes,no,no,no,4,1,1,1,1,4,0,100.0,11,11,12
STU-8904D551,Portuguese,2,2 to 5 hours,3,no,yes,no,yes,yes,no,no,yes,3,5,4,1,4,1,0,100.0,8,0,0
STU-1E3B7642,Portuguese,3,5 to 10 hours,0,no,no,no,no,yes,yes,yes,yes,4,2,1,1,1,4,5,94.62,14,14,15
STU-3DDAF610,Portuguese,2,2 to 5 hours,1,no,yes,yes,yes,no,yes,yes,yes,4,5,5,1,3,2,4,95.7,10,11,11
STU-9E49539E,Portuguese,2,2 to 5 hours,0,no,yes,no,no,yes,yes,no,yes,5,3,4,1,1,5,0,100.0,10,10,10
STU-DFE44DDA,Portuguese,2,2 to 5 hours,0,no,yes,yes,yes,yes,yes,yes,no,4,3,3,1,2,5,2,97.85,12,12,12
STU-4061D44D,Portuguese,2,2 to 5 hours,0,no,no,no,no,yes,yes,no,yes,1,2,3,1,2,5,0,100.0,15,14,15
STU-33700E51,Portuguese,1,<2 hours,0,no,no,no,no,no,yes,yes,yes,3,3,2,1,2,3,2,97.85,14,13,14
STU-42CD0E75,Portuguese,3,5 to 10 hours,0,no,no,no,no,yes,yes,yes,no,5,3,2,1,1,4,0,100.0,19,17,18
STU-09B1F892,Portuguese,2,2 to 5 hours,0,no,no,no,no,yes,yes,no,yes,4,3,4,1,4,5,0,100.0,16,15,15
STU-8D860544,Portuguese,2,2 to 5 hours,0,no,yes,no,no,yes,yes,yes,yes,4,3,2,1,3,3,6,93.55,13,12,13
STU-C73835A0,Portuguese,2,2 to 5 hours,0,no,yes,no,yes,yes,yes,yes,yes,2,3,4,1,1,1,4,95.7,15,14,15
STU-4A82C4A3,Portuguese,2,2 to 5 hours,0,no,no,no,no,no,yes,no,no,3,2,2,1,2,3,0,100.0,13,13,13
STU-D415BBAC,Portuguese,2,2 to 5 hours,0,no,yes,yes,no,yes,yes,no,no,3,3,4,2,4,3,0,100.0,8,10,9
STU-C96F7513,Portuguese,3,5 to 10 hours,0,no,no,no,no,yes,yes,yes,yes,4,2,2,2,2,5,0,100.0,15,16,16
STU-68EC39A5,Portuguese,1,<2 hours,1,no,yes,no,no,yes,yes,yes,yes,5,2,1,1,2,1,0,100.0,8,8,9
STU-ED2890D4,Portuguese,1,<2 hours,0,no,yes,no,no,yes,yes,yes,yes,5,2,3,1,2,4,0,100.0,10,10,10
STU-ED287E8F,Portuguese,2,2 to 5 hours,0,no,yes,no,no,no,yes,yes,yes,3,2,2,4,2,5,0,100.0,7,5,0
STU-D0DDB203,Portuguese,1,<2 hours,0,no,yes,no,yes,yes,no,yes,yes,4,3,3,2,3,3,3,96.77,9,10,10
STU-48FC5D1C,Portuguese,3,5 to 10 hours,0,no,no,no,yes,yes,yes,no,yes,3,4,3,1,1,3,8,91.4,10,11,12
STU-8645C616,Portuguese,1,<2 hours,0,no,no,no,yes,yes,yes,yes,no,3,5,5,1,3,1,4,95.7,7,8,9
STU-C1D8824B,Portuguese,3,5 to 10 hours,0,no,no,no,no,yes,yes,yes,no,5,4,4,1,1,1,0,100.0,15,17,17
STU-FE883270,Portuguese,3,5 to 10 hours,0,no,no,no,no,yes,yes,yes,no,4,3,2,1,2,4,4,95.7,10,11,12
STU-0D90ABEE,Portuguese,2,2 to 5 hours,1,no,yes,no,no,yes,yes,yes,yes,4,3,3,1,1,3,4,95.7,7,8,9
STU-9A79F1EE,Portuguese,2,2 to 5 hours,0,no,no,no,yes,yes,yes,yes,no,5,4,3,3,4,2,1,98.92,13,14,14
STU-523CB612,Portuguese,2,2 to 5 hours,0,no,no,no,no,yes,yes,yes,yes,4,1,3,1,2,1,1,98.92,16,16,16
STU-C547C143,Portuguese,2,2 to 5 hours,0,no,yes,no,yes,no,yes,yes,no,4,5,4,2,3,1,10,89.25,8,9,9
STU-8A5579F7,Portuguese,2,2 to 5 hours,0,no,no,no,yes,no,yes,yes,no,3,2,4,1,4,2,4,95.7,17,18,19
STU-84E6366F,Portuguese,1,<2 hours,0,no,no,no,yes,no,yes,yes,yes,4,4,3,1,3,5,0,100.0,7,7,0
STU-06BDF63B,Portuguese,2,2 to 5 hours,0,no,no,no,yes,yes,yes,yes,no,4,4,3,1,1,3,4,95.7,14,15,16
STU-8717E8F0,Portuguese,1,<2 hours,1,no,no,no,no,yes,yes,no,no,4,3,2,1,3,5,0,100.0,5,8,0
STU-9E51D21F,Portuguese,1,<2 hours,1,no,no,yes,no,yes,yes,no,no,5,4,3,4,3,3,0,100.0,7,7,0
STU-F1CCF36D,Portuguese,3,5 to 10 hours,0,no,no,no,no,yes,yes,no,no,5,3,3,1,3,4,0,100.0,14,17,15
STU-AD83CD91,Portuguese,2,2 to 5 hours,0,no,no,no,no,yes,yes,yes,no,5,5,4,1,1,1,0,100.0,6,9,11
STU-995D869B,Portuguese,1,<2 hours,0,no,yes,no,yes,yes,yes,yes,yes,4,4,3,2,2,5,4,95.7,7,9,10
STU-D67573DD,Portuguese,3,5 to 10 hours,1,no,no,no,yes,no,yes,yes,no,5,4,2,1,2,5,4,95.7,10,11,10
STU-6B793CCF,Portuguese,2,2 to 5 hours,0,no,yes,no,no,yes,yes,yes,no,4,3,4,1,1,1,4,95.7,15,15,16
STU-FA0CCB2F,Portuguese,1,<2 hours,0,no,no,no,no,no,yes,yes,no,2,4,5,3,4,2,6,93.55,10,10,10
STU-D61AD816,Portuguese,1,<2 hours,0,no,no,no,no,no,yes,yes,no,4,4,1,3,4,5,4,95.7,10,11,11
